dCoilTurns,dCoilOuter,dCoilInner,dShieldThickness,dShieldExtra,gCoilInterval,gCoilLength,gShieldThickness,gShieldExtra,mResRx,mResTx,mIndRx,mIndMutNormal,mIndTx,mIndMutMisaligned,eIndMutNormal,eIndMutMisaligned,eNormalK,eResEq,pDimension,pDimensionPenalty,pThickness,pThicknessPenalty,pNormalIndMutPenalty,pMisalignedIndMutPenalty,pNormalKPenalty,pResistancePenalty,目标函数
13,415,280,14,18,0.005625,0.14,0.014,0.018,0.01593987254,0.01593963794,182060.198904158,-31948.6816702465,182041.552845625,-13812.0034628692,31.9486816702465,13.8120034628692,0.17549315024496862,0.015939755239568396,0.45099999999999996,1.4899998798538956,0.0205,1.0949999999999804,-5.03973838497974e-44,1.38120034628692,1.0331106976971725,1.4267336052893684,-6.426044529127337
11,400,235,3,27,0.00825,0.1175,0.003,0.027,0.01235676773,0.01235657473,106849.971835183,-18648.674458382,106855.920375988,-7195.53478638578,18.648674458382,7.19553478638578,0.17452653525508785,0.01235667122962319,0.454,1.459999679984728,0.0095,1.205,1.160191910457414e-18,4.758010624556086e-13,1.0247406630353435,1.4307148097448632,-5.120455152765411
15,460,205,4.5,28,0.009107142857142857,0.1025,0.0045,0.028,0.01764962234,0.01764941099,179444.559127969,-40773.5146008904,179443.905596739,-17674.5163780482,40.7735146008904,17.6745163780482,0.22722109295005666,0.01764951666468364,0.516,0.004035992425213973,0.011,1.19,-1.3868619686727032e-207,1.76745163780482,1.1463239134076622,1.4248338703725738,-5.53264541401027
13,405,285,10.5,13,0.005,0.1425,0.0105,0.013,0.01581794704,0.01581839871,183677.005342696,-29457.416533831,183665.903678433,-12546.2652638853,29.457416533831,12.5462652638853,0.16038102723027647,0.015818172873387885,0.43100000000000005,1.6899999998265738,0.017,1.13,1.2778615304834415e-19,1.2546265263775593,0.8738169556839663,1.4268686968073467,-6.375312178695446
10,475,205,11,13,0.015,0.1025,0.011,0.013,0.01208883927,0.01208907338,77946.3166967305,-17974.8610338738,77951.64848984,-8144.18738377899,17.9748610338738,8.14418738377899,0.23059776338805724,0.01208895632443329,0.501,0.4132554956023084,0.017499999999999998,1.125,-5.666842805906519e-25,7.098326424362544e-9,1.1469391428161229,1.4310122707506296,-4.116206916267387
14,395,275,3.5,2,,,,,,,,,,,,,,,,,,,,,,,
11,430,265,15,22,0.00825,0.1325,0.015,0.022,0.01351541223,0.01351556518,122306.044105103,-23919.8845724056,122316.244450359,-10469.3437770813,23.9198845724056,10.4693437770813,0.19556586388306754,0.013515488704783639,0.474,1.2597830247276305,0.0215,1.0849999999994624,1.1997220584194863,1.0374364821168405,1.1250011293532838,1.4294272347724626,-7.136369929389166
15,470,280,9.5,30,0.0067857142857142855,0.14,0.0095,0.03,0.01985574214,0.01985563924,245201.013814536,-55719.3657942608,245220.760575935,-26462.0457034706,55.719365794260796,26.4620457034706,0.22723039126343972,0.019855690689933342,0.53,0.00003177850809170379,0.016,1.14,0,2.6462045703470602,1.1463257888091603,1.4223825659000742,-6.354944703564386
10,405,275,3,39,0.007222222222222222,0.1375,0.003,0.039,0.01201434692,0.01201461297,108303.863078893,-19182.2034915297,108306.001277889,-7935.24889102605,19.1822034915297,7.93524889102605,0.17711292649968066,0.01201447994426357,0.48300000000000004,1.16596648197717,0.0095,1.205,2.739492929248754e-14,8.559737003945678e-10,1.0463100055817938,1.4310950222841516,-4.848371510699117
10,395,295,21,2,0.005555555555555556,0.1475,0.021,0.002,0.01217482617,0.01217489025,109106.89167185,-16066.3780175067,109127.091704453,-7047.79273038522,16.0663780175067,7.04779273038522,0.14723992879356895,0.012174858209957841,0.399,2.009999999999995,0.0275,1.0247536804943604,-7.57012653446089e-44,1.0636037431417049e-13,0.712105653662039,1.4309168242111578,-5.177776158367658
14,470,230,7,22,0.00923076923076923,0.115,0.007,0.022,0.0173352548,0.01733515668,172032.867217046,-39526.3612638609,172007.297208823,-17895.5302100191,39.5263612638609,17.8955302100191,0.2297775984323886,0.017335205739930578,0.514,0.008011725036757318,0.0135,1.165,-2.737035062288655e-177,1.78955302100191,1.146801277889065,1.4251831047334105,-5.534549128661142
10,395,255,1.5,32,0.0077777777777777776,0.1275,0.0015,0.032,0.01149303546,0.01149479938,97118.1544561814,-16308.6169696003,97125.2864315557,-6399.13583143929,16.3086169696003,6.39913583143929,0.16791935836864427,0.011493917386162388,0.459,1.4099983637084434,0.008,1.22,-4.685537513664669e-41,1.471522625256529e-16,0.9594774664058404,1.4316734251264862,-5.02114925524077
12,400,275,17.5,17,0.005681818181818182,0.1375,0.0175,0.017,0.01429345332,0.01429334759,152516.73977257,-25211.1333979742,152538.706213749,-10557.4682487982,25.2111333979742,10.557468248798202,0.16528886007474647,0.014293400454902237,0.43400000000000005,1.6599999995369477,0.024,1.059999997815177,1.148402447483185,1.0517578443464395,0.9305658265395462,1.428562888383442,-7.279289004104737
12,485,200,14,13,0.012954545454545455,0.1,0.014,0.013,0.01458677718,0.01458651505,111406.334667405,-26834.5610689543,111415.474943299,-12398.4476463036,26.8345610689543,12.3984476463036,0.24086117187913086,0.014586646114411171,0.511,0.02218273971593143,0.0205,1.0949999999999804,0.017412622870547532,1.239844764582822,1.148167979038678,1.4282370598728764,-4.9508451660808355
11,485,240,21.5,1,0.01225,0.12,0.0215,0.001,0.01413634233,0.01413628952,104825.655007932,-24378.7429953672,104830.00494345,-11745.6244678539,24.3787429953672,11.7456244678539,0.23255983650780304,0.01413631592497534,0.487,1.1153622878903138,0.027999999999999997,1.018703563411657,1.194949634951726,1.174562415973002,1.1472416533542902,1.4287374267500275,-7.079556982331016
15,485,230,9.5,4,0.009107142857142857,0.115,0.0095,0.004,0.01896638283,0.0189663346,189212.158975072,-43493.4419887343,189240.28174824,-20322.6419865956,43.493441988734304,20.322641986595603,0.2298489185361981,0.018966358714984668,0.493,0.9754123453884477,0.016,1.14,-8.175407754974817e-282,2.0322641986595604,1.1468135468329506,1.423370712538906,-6.717860803419864
10,415,265,10,39,0.008333333333333333,0.1325,0.01,0.039,0.01202469367,0.01202482917,104021.265838156,-19973.7459663487,104023.348593919,-8418.99266479494,19.973745966348698,8.41899266479494,0.19201406411672226,0.01202476141980914,0.493,0.9754123453884477,0.0165,1.135,8.40533731219768e-9,1.1455985539140232e-7,1.1177095848511844,1.4310835984224344,-4.659205651627259
11,440,265,20,15,0.00875,0.1325,0.02,0.015,0.01371374436,0.01371369804,120571.29794062,-24250.0446695893,120574.554660036,-10920.1982717468,24.2500446695893,10.9201982717468,0.20112346457775915,0.013713721199980444,0.47,1.2999409827706871,0.0265,1.034991125014131,1.197768472097223,1.0919097197981187,1.1328308935503622,1.4292069764444661,-7.186648169674989
15,480,285,10,7,0.0069642857142857145,0.1425,0.01,0.007,0.02025307635,0.02025322946,235061.211414155,-51187.2975133638,235092.292248318,-24908.6316449591,51.1872975133638,24.9086316449591,0.21774717077068576,0.020253152904855316,0.494,0.9336449026565556,0.0165,1.135,0,2.4908631644959103,1.1437365921478202,1.4219409412168273,-7.1251856005171135
11,465,210,17.5,28,0.01275,0.105,0.0175,0.028,0.01317644333,0.01317644457,99635.6042591669,-23549.848685889,99643.3357171596,-10591.5714381021,23.549848685889,10.5915714381021,0.2363506018890955,0.013176443949999986,0.521,0.0007197304435765052,0.024,1.059999997815177,1.1928870298362406,1.0563085620583859,1.1477288593706352,1.4298039511666667,-5.887448130690682
10,420,240,15.5,34,0.01,0.12,0.0155,0.034,0.01168961626,0.01168944417,92705.2266214772,-18568.1357394242,92705.704042103,-7743.04964786304,18.5681357394242,7.743049647863041,0.20029170527358825,0.011689530214683318,0.488,1.0998554448424576,0.022,1.0799999999971672,2.1921264934743173e-19,1.2220844138130458e-10,1.1318687241678493,1.4314560775392406,-4.743180246668923
10,395,215,18.5,1,0.01,0.1075,0.0185,0.001,0.01081179489,0.01081177714,75077.6831463045,-12394.5989608566,75092.4256898547,-4768.64533806803,12.3945989608566,4.76864533806803,0.16507411650221102,0.010811786014996357,0.397,2.029999999999997,0.024999999999999998,1.049999939333644,-2.1556617593316564e-97,9.097255620712496e-24,0.9281519388078393,1.4324313488722262,-5.440583227013707
14,420,235,2.5,16,0.0071153846153846146,0.1175,0.0025,0.016,0.01620135232,0.0162012959,169126.427098717,-30808.1059511386,169121.274821108,-12471.2197825772,30.8081059511386,12.4712197825772,0.18216298753754806,0.01620132410997544,0.45199999999999996,1.4799998334479605,0.009,1.21,-1.0179164622165747e-31,1.2471219782346241,1.080217061695509,1.4264429732111386,-6.443781846589232
11,450,260,14.5,16,0.0095,0.13,0.0145,0.016,0.01381825169,0.01381800757,117875.092242618,-24590.6168587512,117873.205700558,-11144.4817350108,24.5906168587512,11.144481735010801,0.20861755587703804,0.013818129629460902,0.482,1.1770823046751713,0.021,1.089999999999898,1.1877890961640092,1.1144362436724207,1.1392728446829938,1.429090967078377,-7.13767145627287
14,450,235,22,33,0.00826923076923077,0.1175,0.022,0.033,0.01695399346,0.01695404024,180212.044218125,-40872.5687350795,180207.87677168,-18242.5202264461,40.8725687350795,18.2425202264461,0.22680526995048042,0.016954016849983863,0.516,0.004035992425213973,0.028499999999999998,1.008206756311851,-4.3151422134584754e-210,1.82425202264461,1.1462389463131732,1.4256066479444622,-5.40834036563931
12,420,255,10.5,7,0.0075,0.1275,0.0105,0.007,0.01431359981,0.01431355426,132799.96493734,-23537.1096525385,132771.866166387,-9937.84940761351,23.5371096525385,9.93784940761351,0.17725607182405026,0.014313577034981881,0.434,1.6599999995369483,0.017,1.13,1.1924816225653132,0.3472672458083259,1.0474244490469282,1.4285404699611313,-6.805713786918647
15,445,245,8.5,21,0.0071428571428571435,0.1225,0.0085,0.021,0.01828033433,0.01828023091,208613.157844019,-43334.684156587,208580.146819464,-18915.3859059824,43.334684156586995,18.915385905982397,0.20774391059415873,0.01828028261992686,0.487,1.1153622878903138,0.015,1.15,-3.568178128608789e-277,1.8915385905982398,1.1386868481417391,1.4241330193111925,-6.719720745941485
11,475,240,1,38,0.01175,0.12,0.001,0.038,0.01393827065,0.01393813117,110521.416271649,-25993.9893463462,110521.603934448,-12064.3130104672,25.9939893463462,12.0643130104672,0.23519393937088975,0.013938200909825527,0.5509999999999999,2.0285693982232682e-8,0.0075,1.225,1.0160458118077982,1.2064312997396314,1.147592735477852,1.4289575545446382,-6.024027421855614
13,440,260,4,24,0.0075,0.13,0.004,0.024,0.01607659038,0.0160760557,166171.583980953,-33268.4109475,166174.512423148,-14531.6275745383,33.2684109475,14.531627574538302,0.20020341029274677,0.016076323037777146,0.488,1.0998554448424576,0.010499999999999999,1.195,-6.672090542901628e-61,1.4531627574538302,1.1317628814917382,1.4265818632913587,-6.306362947079385
15,485,265,14,39,0.007857142857142856,0.1325,0.014,0.039,0.01987065211,0.01987035108,235914.770536805,-59153.3380892371,235913.476503232,-28684.7353807945,59.153338089237096,28.6847353807945,0.2507409781442785,0.01987050159442994,0.563,2.805547356200136e-10,0.0205,1.0949999999999804,0,2.86847353807945,1.1487261952515684,1.4223661093395223,-6.534565842951077
10,450,270,13,36,0.01,0.135,0.013,0.036,0.01274298212,0.01274285086,105466.584970197,-23123.3706783667,105470.960545537,-10574.6720792139,23.1233706783667,10.5746720792139,0.2192437636154897,0.012742916489830992,0.522,0.0005093129632910968,0.0195,1.1049999999999993,1.173114486280074,1.0541012151041111,1.1442513258260507,1.4302856483446322,-5.907261988518158
14,445,295,21,4,0.0057692307692307696,0.1475,0.021,0.004,0.01827366838,0.0182737616,213473.315014762,-40508.9267340206,213467.485346496,-19194.8663404971,40.5089267340206,19.1948663404971,0.1897636707642846,0.018273714989940557,0.453,1.4699997691284683,0.0275,1.0247536804943604,-5.8335090566749284e-201,1.91948663404971,1.1117597854997014,1.424140316677844,-6.950140185850085
11,425,265,14,24,0.008,0.1325,0.014,0.024,0.01341650843,0.01341621932,122846.491072218,-23630.5951099568,122855.689871768,-10221.2821137938,23.6305951099568,10.221282113793801,0.1923515292841872,0.013416363874221245,0.473,1.2698432888884976,0.0205,1.0949999999999804,1.1951930392277144,0.9213412177497128,1.1185035319682908,1.4295373734730874,-7.029418451307283
12,390,275,14.5,15,0.005227272727272727,0.1375,0.0145,0.015,0.01407770432,0.01407748384,152143.390617674,-23476.4027885277,152144.411457189,-9592.20513038961,23.4764027885277,9.59220513038961,0.154303936132701,0.014077594079568361,0.42000000000000004,1.7999999999952783,0.021,1.089999999999898,1.1903937756868836,0.015980544721366095,0.8002612593786774,1.428802673244924,-6.325438253027027
12,440,255,3.5,4,0.008409090909090908,0.1275,0.0035,0.004,0.01474512529,0.01474509766,128734.709182087,-23992.0850496413,128735.917638763,-10462.5493542237,23.9920850496413,10.4625493542237,0.18636755070782843,0.014745111474993527,0.448,1.5199999549107974,0.01,1.2,1.1999433415076517,1.0361023572925,1.1001774761968077,1.4280609872500072,-7.484284117157764
11,440,270,7.5,14,0.0085,0.135,0.0075,0.014,0.01380793862,0.01380767462,121050.841325711,-23396.7690971937,121063.249890644,-10406.4224880696,23.3967690971937,10.4064224880696,0.1932706106478849,0.013807806619369053,0.468,1.319969232703649,0.013999999999999999,1.16,1.1872636330366024,1.0230696989919488,1.1205499664714778,1.42910243708959,-7.239954968293267
12,405,275,17.5,21,0.005909090909090909,0.1375,0.0175,0.021,0.01440148681,0.01440140484,153738.788936873,-26458.4573065406,153722.989183989,-11176.7289379831,26.458457306540602,11.1767289379831,0.17210892035545472,0.01440144582494168,0.447,1.5299999674796225,0.024,1.059999997815177,0.3754297934426227,1.1176642273229576,1.0023479477089472,1.428442837972287,-6.513884771741614
14,440,235,12,39,0.007884615384615386,0.1175,0.012,0.039,0.01670272497,0.01670289812,180195.701107513,-39413.3887673949,180185.960923821,-17017.4092945363,39.4133887673949,17.0174092945363,0.21873137805976042,0.01670281154477563,0.518,0.002027550988440504,0.0185,1.115,-1.1622399559015427e-174,1.70174092945363,1.1440804338410482,1.4258857649502492,-5.388734679233368
15,425,265,15,15,0.005714285714285714,0.1325,0.015,0.015,0.01825985676,0.01826036048,225178.196566762,-41896.0613055022,225186.646260957,-18149.4332384808,41.896061305502194,18.1494332384808,0.1860538715669813,0.01826010861826306,0.45499999999999996,1.4499995564417714,0.0215,1.0849999999994624,-7.276705790888226e-237,1.8149433238480799,1.098921094674983,1.4241554348685965,-6.873019409832894
15,395,210,15.5,34,0.006607142857142857,0.105,0.0155,0.034,0.0160339643,0.01603396853,182698.895439029,-33593.8041601785,182692.96760861,-12619.866297125,33.5938041601785,12.619866297125,0.18387822807219675,0.01603396641499986,0.463,1.369993968573427,0.022,1.0799999999971672,-1.7604559269640668e-65,1.261986629707214,1.0892074345751077,1.4266289262055558,-6.2278169590584715
11,440,255,3,21,0.00925,0.1275,0.003,0.021,0.01352591782,0.01352571503,114984.877475878,-22817.3149269531,114967.997114872,-9912.86267455638,22.8173149269531,9.91286267455638,0.19845209614395506,0.013525816424619952,0.482,1.1770823046751713,0.0095,1.205,1.1508399847745387,0.29239835887437915,1.1295034038980627,1.4294157595282,-6.384239811750352
10,465,250,20.5,13,0.011944444444444445,0.125,0.0205,0.013,0.01267350372,0.01267358038,93354.1700726717,-20789.2485327437,93328.5201980648,-9695.26059187294,20.7892485327437,9.695260591872941,0.2227228319757629,0.012673542049942038,0.49100000000000005,1.0383057982364507,0.027,1.0299532401952365,0.00031286922242034003,0.04394872471218597,1.1452798289696713,1.43036273105562,-4.688163192391586
11,450,260,8,14,0.0095,0.13,0.008,0.014,0.01381810324,0.01381791163,116118.191392336,-23657.3974115592,116116.220433907,-10619.9274333377,23.6573974115592,10.6199274333377,0.20373722590355456,0.013818007434667877,0.47800000000000004,1.2192033822881854,0.014499999999999999,1.155,1.1958578626369452,1.059840309557214,1.1354861221962713,1.429091102850369,-7.194478779528985
12,460,220,13,1,0.010909090909090908,0.11,0.013,0.001,0.01445768748,0.01445749053,113278.956076614,-23994.9717558891,113269.318050959,-10681.2881040508,23.9949717558891,10.6812881040508,0.21183098277845536,0.01445758900466463,0.462,1.3799956467432815,0.0195,1.1049999999999993,1.199944642315971,1.066955670698886,1.1411533798815896,1.4283804566614837,-7.321429796301211
14,485,265,18,32,0.008461538461538461,0.1325,0.018,0.032,0.01855435378,0.01855421515,203648.894012188,-50496.9721560641,203644.831473951,-24567.9094289658,50.496972156064096,24.567909428965798,0.24796341803843763,0.018554284464870528,0.5489999999999999,4.1123834559874516e-8,0.024499999999999997,1.0549999884870411,0,2.4567909428965797,1.1486161688430727,1.4238285728168105,-6.084235714167338
13,425,240,11,7,0.007708333333333333,0.12,0.011,0.007,0.01528020526,0.01527991971,146643.054409035,-27055.8693386184,146666.2944815,-11324.5389483864,27.0558693386184,11.324538948386401,0.1844869215787906,0.015280062484332963,0.439,1.6099999976222215,0.017499999999999998,1.125,0.0017518797709866166,1.132451892118809,1.0921080165441244,1.42746659723963,-6.388778383295771
11,430,260,20.5,28,0.0085,0.13,0.0205,0.028,0.01342165164,0.0134216272,121712.472578599,-24666.9353572708,121707.747733825,-10813.0252051096,24.6669353572708,10.8130252051096,0.20266956730429464,0.013421639419994438,0.486,1.129379806346624,0.027,1.0299532401952365,1.1844390623333005,1.0809841771956785,1.134464166699498,1.4295315117555618,-6.9887519645259
15,460,205,17.5,27,0.009107142857142857,0.1025,0.0175,0.027,0.01764948532,0.01764969237,181618.406408536,-42283.7134311707,181615.113089086,-18663.2405781348,42.283713431170696,18.6632405781348,0.2328183450216272,0.017649588844696383,0.514,0.008011725036757318,0.024,1.059999997815177,-2.032372453998352e-247,1.86632405781348,1.1472787915775846,1.4248337901725596,-5.506448362415559
12,440,255,7,2,0.008409090909090908,0.1275,0.007,0.002,0.01474521976,0.01474516598,128730.010707864,-24175.1453005055,128721.066996471,-10614.7384588007,24.175145300505502,10.614738458800701,0.18780379970175656,0.014745192869975481,0.444,1.5599999878018418,0.0135,1.165,1.1988774591696283,1.0592081266043565,1.1055063287824327,1.4280608968111383,-7.516652799169397
10,445,225,5.5,13,0.012222222222222221,0.1125,0.0055,0.013,0.01188636565,0.01188611185,82348.1461219194,-16727.3241586045,82343.7883140804,-7151.22133035757,16.7273241586045,7.15122133035757,0.20313470992668015,0.011886238749322596,0.47100000000000003,1.2899182698676424,0.012,1.18,-1.8501379188480335e-36,3.0359293152247806e-13,1.1349193865143294,1.4312375125007528,-5.036075168883029
13,485,215,12,27,0.01125,0.1075,0.012,0.027,0.01612275054,0.01612251028,142976.292230145,-35576.6504122992,142982.319081734,-16571.6019309087,35.576650412299195,16.5716019309087,0.24882377388103374,0.016122630409552453,0.539,0.000001378797821721165,0.0185,1.115,-6.810968524758223e-97,1.65716019309087,1.1486537393663192,1.4265304106560528,-5.347345721911063
11,455,230,8.5,35,0.01125,0.115,0.0085,0.035,0.01335363735,0.01335335442,107918.956289577,-24530.9396758012,107911.96501808,-10853.2632124235,24.5309396758012,10.853263212423501,0.22731626719698056,0.01335349588425067,0.525,0.0001802337846141934,0.015,1.15,1.1901237677902157,1.0851126235815947,1.1463430590564263,1.429607226795277,-6.0013669110081285
14,410,215,20.5,7,0.0075,0.1075,0.0205,0.007,0.01546913812,0.01546891915,153961.025748931,-27818.2698284858,153988.516301624,-11060.5627057244,27.8182698284858,11.0605627057244,0.18066771428912787,0.01546902863461255,0.424,1.7599999999824862,0.027,1.0299532401952365,1.5548956801372465e-7,1.1060288673804066,1.0713500087145222,1.4272566348504305,-6.3945889066126504
12,440,295,9.5,4,0.006590909090909091,0.1475,0.0095,0.004,0.01556791956,0.01556791283,153872.403279643,-27712.4215937572,153875.418599122,-12821.8270806175,27.712421593757202,12.821827080617501,0.18009824684318657,0.015567916194999637,0.448,1.5199999549107974,0.016,1.14,6.452054304483184e-7,1.2821827080610375,1.0677137153222853,1.4271467597833336,-6.437043783282885
13,390,260,16.5,36,0.005416666666666667,0.13,0.0165,0.036,0.01491015193,0.01490983154,174505.134941262,-30017.6357776043,174496.03324596,-11948.3107102434,30.0176357776043,11.948310710243401,0.1720202596669203,0.014909991734139422,0.462,1.3799956467432815,0.023,1.0699999999213234,-6.2855321337908515e-25,1.1948310668948103,1.0014903302878675,1.4278777869620674,-6.0741948308093505
15,450,260,17,2,0.0067857142857142855,0.13,0.017,0.002,0.01880196038,0.01880227462,210211.147412231,-42024.68819986,210180.715571507,-19183.4052279774,42.02468819986,19.1834052279774,0.19993102631291662,0.018802117499343515,0.454,1.459999679984728,0.0235,1.0649999995853936,-2.4278166504160413e-240,1.91834052279774,1.1314317120604038,1.4235532027785072,-6.998325117206772
14,425,220,17.5,11,0.007884615384615386,0.11,0.0175,0.011,0.01596560173,0.01596543123,159826.202601537,-30886.4266248194,159811.864668296,-12736.6137378153,30.8864266248194,12.7366137378153,0.19325874993368272,0.015965516479772398,0.447,1.5299999674796225,0.024,1.059999997815177,-1.7251571989548583e-32,1.2736613737798703,1.12052459348089,1.4267049816891417,-6.4108909142447015
13,450,245,5.5,32,0.008541666666666666,0.1225,0.0055,0.032,0.01597501344,0.015974843,159177.815675521,-34649.8880669236,159175.621671418,-15267.6850886505,34.6498880669236,15.2676850886505,0.21768188436417163,0.015974928219772692,0.514,0.008011725036757318,0.012,1.18,-1.8344953184608882e-81,1.52676850886505,1.1437130327041507,1.4266945242002524,-5.28518779080621
11,425,250,22,25,0.00875,0.125,0.022,0.025,0.0131344887,0.0131340595,116030.505615525,-23117.4999117366,116013.650520148,-9935.4675411153,23.117499911736598,9.935467541115301,0.19925086981467768,0.013134274098246832,0.475,1.2496996103589766,0.028499999999999998,1.008206756311851,1.1727522998855782,0.3418237027214039,1.1305730418553235,1.4298508065575035,-6.3329062176906366
13,480,255,14,34,0.009375,0.1275,0.014,0.034,0.01689829692,0.01689824942,168650.963429068,-41400.3932103598,168653.405288042,-19739.1910954915,41.400393210359795,19.7391910954915,0.24547795434079467,0.01689827316998331,0.548,5.8518284268648516e-8,0.0205,1.0949999999999804,-1.0609106186946597e-223,1.97391910954915,1.148488693022642,1.4256685853666853,-5.643076446456741
14,450,295,20,0,0.005961538461538462,0.1475,0.02,0,0.01839879064,0.01839913918,208214.211955549,-39831.9793814221,208278.674158673,-19080.8401042321,39.831979381422094,19.0808401042321,0.1912732783031721,0.01839896490917468,0.45,1.4999999133337771,0.0265,1.034991125014131,-1.7023443308568069e-184,1.90808401042321,1.1158812250368366,1.424001150100917,-6.982957423908871
14,480,260,22,5,0.008461538461538461,0.13,0.022,0.005,0.01830858705,0.01831372885,187377.624777256,-42768.8959256562,187370.582606465,-20693.8799179716,42.7688959256562,20.6938799179716,0.22825403879471928,0.018311157769521875,0.49,1.062110284767168,0.028499999999999998,1.008206756311851,-6.007998089752871e-261,2.06938799179716,1.1465258590935892,1.4240987135894203,-6.710329605559189
12,425,255,7.5,12,0.007727272727272728,0.1275,0.0075,0.012,0.01442170087,0.01442139317,134773.263838144,-24677.4467502617,134772.359578127,-10456.324455294,24.6774467502617,10.456324455294,0.18310404329800684,0.01442154701917936,0.449,1.5099999374869426,0.013999999999999999,1.16,1.1839455499517169,1.0348409489692947,1.085301840127799,1.428420503312023,-7.402508779847777
12,405,275,15.999999999999998,19,0.005909090909090909,0.1375,0.015999999999999997,0.019,0.01440146526,0.01440127209,152751.191876822,-26003.2215208481,152759.100374379,-10973.560153769,26.0032215208481,10.973560153769,0.17022812120633682,0.014401368674676118,0.443,1.5699999912036093,0.022499999999999996,1.0749999999850703,1.0119260068083433,1.0972911214822552,0.9836635450073135,1.4284429236948042,-7.166323588181397
11,485,295,22,3,0.0095,0.1475,0.022,0.003,0.01517007434,0.01516980459,129661.763964214,-28949.9589848224,129666.154562262,-14628.7121462799,28.9499589848224,14.6287121462799,0.22326912700697887,0.015169939464400418,0.491,1.0383057982364525,0.028499999999999998,1.008206756311851,2.58158215655604e-15,1.46287121462799,1.1454223922101834,1.4275889561506663,-6.082395117537146
11,435,275,14,12,0.008,0.1375,0.014,0.012,0.01380280726,0.01380261261,123871.900059253,-23526.3975434388,123892.341829057,-10542.6271164661,23.5263975434388,10.542627116466099,0.18990954823995246,0.013802709934656874,0.459,1.4099983637084434,0.0205,1.0949999999999804,1.1921319393903218,1.0496448305414492,1.1121827896604688,1.4291081000726034,-7.288066023373268
14,460,240,3,34,0.008461538461538461,0.12,0.003,0.034,0.01732528594,0.01732496673,181073.610129697,-40877.9133028994,181081.786468787,-18270.2618367507,40.877913302899394,18.2702618367507,0.22574791759150922,0.01732512633426483,0.528,0.0000636618024136352,0.0095,1.205,-3.157209125016175e-210,1.8270261836750699,1.1460129278004232,1.425194304073039,-5.603297077350946
12,450,220,12,2,0.010454545454545454,0.11,0.012,0.002,0.0142419077,0.01424163933,113108.415603981,-23100.3207979137,113111.836646225,-10044.0766717771,23.1003207979137,10.0440766717771,0.20422858316863282,0.014241773514367858,0.454,1.459999679984728,0.0185,1.115,1.1716781985836768,0.6111235176220091,1.1359300268795252,1.4286202516507025,-6.922351674720642
15,450,280,16.5,37,0.006071428571428571,0.14,0.0165,0.037,0.01931902317,0.01931878675,250239.262882631,-54585.3294254399,250242.973219191,-25265.5963128735,54.5853294254399,25.265596312873498,0.2181309364827672,0.019318904959638346,0.524,0.0002548660991545215,0.023,1.0699999999213234,0,2.5265596312873497,1.1438731642271598,1.4229789944892908,-6.1636666560242785
12,435,255,9,0,0.008181818181818182,0.1275,0.009,0,0.01463754131,0.01463728356,127636.117049904,-23471.9049337183,127620.284475743,-10251.9950889449,23.4719049337183,10.251995088944899,0.18390845313637336,0.01463741243443266,0.435,1.6499999993576522,0.0155,1.145,1.1902288219433437,0.9488515378930681,1.0893549534667508,1.4281806528506304,-7.451615965511446
13,485,200,22.5,3,0.011875,0.1,0.0225,0.003,0.01578804457,0.01578797391,127824.346927177,-30466.6813514141,127822.316587282,-14221.8814479621,30.4666813514141,14.2218814479621,0.2383499235510405,0.01578800923996047,0.491,1.0383057982364525,0.028999999999999998,0.9752103523771268,-1.63798807632451e-28,1.42218814479621,1.147940601045173,1.4269022119555994,-6.010547108410561
14,465,265,13.500000000000002,0,0.007692307692307693,0.1325,0.013500000000000002,0,0.0180525137,0.01805246799,183899.60345427,-38243.6889311117,183880.871781797,-17967.2763640919,38.2436889311117,17.9672763640919,0.20797019720074575,0.018052490844985534,0.465,1.349988423931475,0.02,1.0999999999999963,-1.3788309117972849e-148,1.7967276364091902,1.1388420266424857,1.4243861212833493,-6.809944208266497
15,450,275,2.5,29,0.00625,0.1375,0.0025,0.029,0.01918986356,0.01918956434,237354.273907657,-49014.4368867317,237350.881685683,-22163.7677713607,49.0144368867317,22.1637677713607,0.20650475905078125,0.019189713949416792,0.508,0.05977163559837079,0.009,1.21,0,2.21637677713607,1.1377924071320202,1.4231225400562035,-6.047063359922665
12,445,255,12,0,0.008636363636363636,0.1275,0.012,0,0.01485335242,0.01485314769,128573.040905871,-24892.9506807535,128562.709810156,-11148.8674592315,24.8929506807535,11.1488674592315,0.19361718960920463,0.014853250054647263,0.445,1.549999983085226,0.0185,1.115,1.1721014262796907,1.11487532349794,1.121279913643949,1.4279408332726142,-7.50119747977942
15,465,265,7.5,11,0.0071428571428571435,0.1325,0.0075,0.011,0.01933390897,0.01933370777,219994.439465255,-46620.5696972341,219976.902486753,-21595.5879243529,46.6205696972341,21.595587924352902,0.21192548372550193,0.019333808369738272,0.48700000000000004,1.1153622878903129,0.013999999999999999,1.16,0,2.1595587924352904,1.141202834205783,1.4229624351447354,-6.999086349676122
15,440,265,6.5,6,0.00625,0.1325,0.0065,0.006,0.01866250769,0.0186627123,215101.330128918,-40331.2128775782,215092.022047604,-17829.3762182251,40.331212877578196,17.8293762182251,0.1875027249164451,0.01866260999471959,0.452,1.47999983344796,0.013,1.17,-1.4305592881064073e-196,1.78293762182251,1.1044448034687946,1.4237082111169783,-6.961090469856242
13,415,240,8.5,5,0.007291666666666667,0.12,0.0085,0.005,0.01504664661,0.01504697767,144580.917025568,-25136.0841526609,144597.814881667,-10252.4031792251,25.1360841526609,10.252403179225102,0.1738446256389157,0.015046812139089502,0.425,1.7499999999756959,0.015,1.15,1.1546916638325353,0.9491771847046948,1.0186276270507593,1.4277257642899006,-7.450222239853586
12,440,255,3.5,3,0.008409090909090908,0.1275,0.0035,0.003,0.01474518364,0.01474505138,128023.301078208,-23776.6366721779,128044.220084387,-10413.793500463,23.7766366721779,10.413793500463,0.18570599382200223,0.014745117509851708,0.446,1.5399999765458317,0.01,1.2,1.1982083470142086,1.0250243020445842,1.097486923584487,1.4280609805446092,-7.488780529733721
15,475,235,15.999999999999998,35,0.008571428571428572,0.1175,0.015999999999999997,0.035,0.01882712708,0.01882721318,208583.366667859,-51288.6155377168,208569.608072795,-23904.1793595971,51.2886155377168,23.904179359597098,0.24589835705953964,0.01882717012995078,0.5449999999999999,1.68246224809098e-7,0.022499999999999996,1.0749999999850703,0,2.39041793595971,1.148512315575791,1.423525366522277,-6.0374557862890725
11,415,205,20,18,0.0105,0.1025,0.02,0.018,0.01209039292,0.0120903409,93446.0134415467,-17997.0084271016,93430.7035346565,-7161.65096949802,17.997008427101598,7.1616509694980195,0.19260835462760073,0.012090366909972023,0.45099999999999996,1.4899998798538956,0.0265,1.034991125014131,-7.623116225248309e-25,3.374581604602154e-13,1.119092113970686,1.4310107034333646,-5.0750938222724145
11,455,270,15.999999999999998,7,0.00925,0.135,0.015999999999999997,0.007,0.01410508834,0.01410525556,119094.063170824,-24398.8344562369,119095.731209644,-11337.6774494406,24.398834456236898,11.3376774494406,0.2048688485608427,0.014105171949752197,0.46900000000000003,1.3099573864690017,0.022499999999999996,1.0749999999850703,1.1944053004521613,1.1337659867610648,1.136485073119777,1.428772031166942,-7.278385777954019
15,415,260,11,3,0.005535714285714285,0.13,0.011,0.003,0.01786251876,0.01786278755,209346.540088804,-35402.2158937072,209341.075651636,-14951.8060415428,35.4022158937072,14.9518060415428,0.1691104038705053,0.01786265315449442,0.421,1.789999999993447,0.017499999999999998,1.125,-6.879255575145489e-94,1.4951806041542801,0.9721111104958733,1.4245970520505618,-6.806888766694161
14,460,260,19,4,0.007692307692307693,0.13,0.019,0.004,0.01780669566,0.0178065322,185279.115776909,-38964.4501247969,185299.90570399,-18144.5113696477,38.964450124796905,18.1445113696477,0.2102895626978849,0.017806613929812434,0.468,1.319969232703649,0.0255,1.0449996803321728,-2.0785483192694117e-164,1.8144511369647698,1.1403016388091243,1.424659317855764,-6.74438100666548
11,395,235,2.5,34,0.008,0.1175,0.0025,0.034,0.01225748521,0.01225739387,108128.993001707,-18866.7069718468,108116.555302807,-7191.09370893111,18.866706971846803,7.19109370893111,0.1744933678494593,0.012257439539914919,0.463,1.369993968573427,0.009,1.21,8.508798864432239e-17,4.548518068556768e-13,1.024447233523698,1.4308250671778724,-5.035266269275452
11,435,270,13,17,0.00825,0.135,0.013,0.017,0.01370874064,0.0137086161,123049.792162945,-23895.1306604034,123037.249612937,-10604.5072984598,23.8951306604034,10.604507298459799,0.19420064152099395,0.013708678369858573,0.469,1.3099573864690024,0.0195,1.1049999999999993,1.199562629783292,1.0579439233670003,1.122460180676367,1.429212579589046,-7.224136699884707
12,440,255,5.5,5,0.008409090909090908,0.1275,0.0055,0.005,0.01474517697,0.01474511329,130181.245739044,-24561.6096850321,130176.303566784,-10770.2527066017,24.5616096850321,10.770252706601699,0.18867599387798809,0.014745145129965623,0.45,1.4999999133337771,0.012,1.18,1.1889550901627854,1.076539014885175,1.1084252018005276,1.4280609498555938,-7.481980170037859
15,475,285,10,12,0.0067857142857142855,0.1425,0.01,0.012,0.02011909569,0.02011893606,239377.455651444,-52040.0449064375,239401.615040641,-25077.3667808473,52.0400449064375,25.0773667808473,0.21738646552559662,0.020119015874841682,0.499,0.5883959085269379,0.0165,1.135,0,2.50773667808473,1.143605222704217,1.4220899823612871,-6.796827791677172
11,460,280,15.999999999999998,16,0.009,0.14,0.015999999999999997,0.016,0.01439218155,0.01439231438,127891.475817927,-27222.4054999551,127885.883072854,-12849.0699706486,27.2224054999551,12.8490699706486,0.21286016576695446,0.01439224796484676,0.492,1.009833297341043,0.022499999999999996,1.0749999999850703,0.0002738482811426679,1.284906997064316,1.1416758807724094,1.4284530578168368,-5.940143081260819
12,480,265,3.5,8,0.009772727272727273,0.1325,0.0035,0.008,0.01581415502,0.01581418603,137303.931868414,-29995.0970667127,137309.828245498,-14221.6019323931,29.9950970667127,14.2216019323931,0.21845297964082178,0.0158141705249924,0.496,0.8230471315809135,0.01,1.2,-8.408972186972004e-25,1.42216019323931,1.1439852892643128,1.4268731438611195,-6.016065757945656
14,460,260,12,1,0.007692307692307693,0.13,0.012,0.001,0.01780660111,0.01780690083,180799.876740095,-37030.6124260571,180815.149875503,-17105.5238388738,37.030612426057104,17.1055238388738,0.2048068234645022,0.017806750969369397,0.462,1.3799956467432815,0.0185,1.115,-9.786347316976101e-124,1.71055238388738,1.1364324247812667,1.4246591655895895,-6.766639621001517
10,445,275,12.5,33,0.009444444444444445,0.1375,0.0125,0.033,0.01273760811,0.01273777106,107131.694143658,-22695.8942990319,107130.14031981,-10318.1577684047,22.695894299031902,10.318157768404701,0.2118519554027098,0.012737689584739427,0.511,0.02218273971593143,0.019,1.1099999999999997,1.1399568327547762,0.9906825408321422,1.1411643817609811,1.4302914560169562,-5.834277951080787
15,390,200,9.5,29,0.0067857142857142855,0.1,0.0095,0.029,0.01564142652,0.01564130205,171850.562173387,-30236.6890621653,171864.877717956,-10907.6814754052,30.2366890621653,10.9076814754052,0.17594024346389128,0.015641364284876186,0.448,1.5199999549107974,0.016,1.14,-1.5613865409478404e-26,1.090643503288501,1.036859978195605,1.427065150794582,-6.214568587189485
12,400,275,11,18,0.005681818181818182,0.1375,0.011,0.018,0.01429361196,0.01429337567,152028.845741149,-24810.5224317663,152037.704343219,-10275.881749392,24.8105224317663,10.275881749392,0.1631913963269654,0.014293493814511728,0.436,1.6399999991089647,0.017499999999999998,1.125,1.1770221805122507,0.9663535804852946,0.9066926772082795,1.4285627846505426,-7.243631221965332
15,460,265,15.5,27,0.0069642857142857145,0.1325,0.0155,0.027,,,,,,,,,,,,,,,,,,,
13,405,235,12,10,0.007083333333333333,0.1175,0.012,0.01,0.01470197156,0.01470177623,145072.671987848,-24944.0209386633,145058.429550427,-9901.98854253432,24.9440209386633,9.90198854253432,0.17194999664954977,0.014701873894675603,0.42500000000000004,1.7499999999756957,0.0185,1.115,1.1688071008865928,0.2701946208040601,1.0008089657083796,1.428109029005916,-6.732919716380644
11,445,265,10.5,14,0.009,0.1325,0.0105,0.014,0.01381291068,0.01381283078,119049.794083443,-23825.7459229933,119030.662285473,-10691.6340274754,23.825745922993303,10.6916340274754,0.2001486922807439,0.013812870729942228,0.47300000000000003,1.269843288888497,0.017,1.13,1.1988883019315888,1.0681044287424006,1.131696920880094,1.4290968103000643,-7.227629750742645
10,390,220,1.5,35,0.009444444444444445,0.11,0.0015,0.035,0.01080649134,0.01080655635,82759.1148614073,-14259.3210085102,82759.0822424545,-5261.75151596204,14.2593210085102,5.26175151596204,0.1722991339684884,0.010806523844951114,0.46,1.3999977325681632,0.008,1.22,-1.3348846999386328e-67,1.3905244507063254e-21,1.0041796956655902,1.4324371957278321,-5.056614623961585
15,485,265,9,17,0.007857142857142856,0.1325,0.009,0.017,0.01987064998,0.01987033093,225041.406927261,-52491.065910516,225048.435407378,-25203.1976985611,52.491065910516,25.2031976985611,0.2332470586078644,0.019870490454359645,0.519,0.0014360932217816265,0.0155,1.145,0,2.52031976985611,1.1473390510909254,1.4223661217173782,-6.236461035886196
11,455,265,6.5,9,0.0095,0.1325,0.0065,0.009,0.01401118692,0.0140111171,116115.970983603,-23458.0305420215,116101.300562329,-10679.2893040239,23.4580305420215,10.6792893040239,0.20203519258207814,0.014011152009956509,0.47300000000000003,1.269843288888497,0.013,1.17,1.189711068153118,1.0667323565594389,1.133817137747561,1.428876497766715,-7.258980349115329
15,485,265,22.5,27,0.007857142857142856,0.1325,0.0225,0.027,0.01987042222,0.01987052818,232788.864754134,-57337.3614072985,232798.688441033,-28001.0212545791,57.3373614072985,28.0010212545791,0.24630109214292767,0.01987047519992937,0.539,0.000001378797821721165,0.028999999999999998,0.9752103523771268,0,2.80010212545791,1.1485341397264552,1.4223661386667452,-6.346214135026059
15,390,205,15.999999999999998,34,0.006607142857142857,0.1025,0.015999999999999997,0.034,0.01577043273,0.01577077821,178258.853709039,-32191.16193661,178273.982288221,-11852.4664631705,32.19116193661,11.8524664631705,0.18057894653965484,0.015770605469053966,0.458,1.4199988192302004,0.022499999999999996,1.0749999999850703,-6.416271045717725e-47,1.1852466356351357,1.070792657327536,1.426921549478829,-6.177959661656772
12,465,295,7,4,0.007727272727272728,0.1475,0.007,0.004,0.01610709036,0.01610721688,152366.961457486,-30340.8572521875,152409.32228348,-14557.5953494878,30.3408572521875,14.5575953494878,0.19910248378144757,0.016107153619875775,0.47300000000000003,1.269843288888497,0.0135,1.165,-2.0908115864671234e-27,1.45575953494878,1.130379473685244,1.4265476070890268,-6.447529904611548
11,450,265,6,8,0.00925,0.1325,0.006,0.008,0.01391216762,0.01391196261,115446.642669158,-22740.8547970661,115448.288244248,-10254.1653751715,22.7408547970661,10.2541653751715,0.19698011305559834,0.013912065114622368,0.466,1.339983964021222,0.0125,1.175,1.1441351905895651,0.9505722062152477,1.127341472561006,1.4289865943170863,-7.166019427704127
12,400,230,16.5,12,0.007727272727272728,0.115,0.0165,0.012,0.01336823504,0.01336798122,121962.945113554,-21008.0463543611,121953.908412515,-8239.40059834032,21.0080463543611,8.239400598340321,0.17225579999976015,0.013368108129397592,0.42400000000000004,1.7599999999824856,0.023,1.0699999999213234,0.0034732232183849673,1.86084225431701e-8,1.0037633811451658,1.4295909909673359,-5.266827613843118
15,460,255,7.5,10,0.007321428571428571,0.1275,0.0075,0.01,0.01894092462,0.01894115916,210692.014024088,-44102.4269781186,210679.148470171,-20036.3027117152,44.1024269781186,20.0363027117152,0.20932816919703887,0.01894104188963697,0.48000000000000004,1.1984747804843021,0.013999999999999999,1.16,-5.764906366577655e-300,2.00363027117152,1.139724332628644,1.4233988423448478,-6.925228226629314
15,430,245,14,33,0.006607142857142857,0.1225,0.014,0.033,0.0178775063,0.01787760866,214336.901113627,-44126.2993244409,214335.791803506,-18829.8508499499,44.1262993244409,18.8298508499499,0.20587408553741832,0.01787755747992674,0.496,0.8230471315809135,0.0205,1.0949999999999804,-1.0910089063523013e-300,1.8829850849949898,1.1373063832525576,1.4245804916889702,-6.362919091517411
12,440,255,8.5,2,0.008409090909090908,0.1275,0.0085,0.002,0.01474525611,0.01474520389,129177.557368272,-24379.3490420794,129163.359818657,-10727.0404966296,24.3793490420794,10.727040496629598,0.18873780695959028,0.014745229999976883,0.444,1.5599999878018418,0.015,1.15,1.1949336276036409,1.0719581488645815,1.108623546858498,1.4280608555555812,-7.513576166684143
15,390,295,12.5,10,,,,,,,,,,,,,,,,,,,,,,,
14,415,235,19,30,0.006923076923076923,0.1175,0.019,0.03,0.01607601185,0.0160757365,178016.716827581,-34794.8978759931,178019.129487627,-14277.4730980965,34.7948978759931,14.2774730980965,0.1954572734004269,0.01607587417441047,0.475,1.2496996103589766,0.0255,1.0449996803321728,-8.622784094693765e-84,1.42774730980965,1.124809667637057,1.4265823620284328,-6.273838630166289
12,440,255,13,1,0.008409090909090908,0.1275,0.013,0.001,0.01474534537,0.01474520968,129402.590898246,-24688.8496544975,129425.886441922,-10959.6384261327,24.6888496544975,10.9596384261327,0.19077382835311577,0.014745277524843918,0.442,1.579999993656965,0.0195,1.1049999999999993,1.1834013736296087,1.0958893505547587,1.1145787202499722,1.4280608027501733,-7.506930240841477
15,455,245,8.5,14,0.0075,0.1225,0.0085,0.014,0.01854876694,0.01854855813,205205.649004467,-43256.03807616,205192.308949635,-19287.8171345759,43.25603807616,19.2878171345759,0.21080045482998983,0.018548662534706165,0.48300000000000004,1.16596648197717,0.015,1.15,-6.86895455275034e-275,1.92878171345759,1.1405936335253524,1.423834819405882,-6.809176648365994
15,455,255,6.5,25,0.0071428571428571435,0.1275,0.0065,0.025,0.01880709678,0.01880696342,218894.836018196,-47175.1773976834,218894.735663768,-21171.5221836603,47.1751773976834,21.1715221836603,0.21551530894827006,0.018807030099881793,0.505,0.15092564963686922,0.013,1.17,0,2.11715221836603,1.142874087962116,1.4235477443334648,-6.00449970029848
14,485,230,7.5,39,0.009807692307692309,0.115,0.0075,0.039,0.01771176693,0.01771181306,178432.801856912,-45153.027060046,178431.622931707,-21206.0323447034,45.153027060046,21.2060323447034,0.2530542352997938,0.017711789994984982,0.563,2.805547356200136e-10,0.013999999999999999,1.16,0,2.12060323447034,1.1487942976946721,1.42476467778335,-5.854162210228917
15,425,230,12,9,0.0069642857142857145,0.115,0.012,0.009,0.01735609343,0.01735586475,189461.184465825,-35594.0772863823,189474.265120752,-14719.6974666887,35.5940772863823,14.7196974666887,0.18786353900867658,0.01735597908962337,0.443,1.5699999912036093,0.0185,1.115,-3.3924619191908596e-97,1.47196974666887,1.105713590616809,1.4251600232337518,-6.68784335172304
13,430,210,8.5,22,0.009166666666666667,0.105,0.0085,0.022,0.01472702687,0.01472713086,134556.193056002,-27150.1470633714,134570.495215298,-11060.60907254,27.150147063371403,11.06060907254,0.20176480657570628,0.014727078864908214,0.474,1.2597830247276305,0.015,1.15,0.0006204658763918151,1.1060335166498707,1.1335317781120187,1.4280810234834354,-6.0780498088493475
10,395,275,10.5,8,0.006666666666666667,0.1375,0.0105,0.008,0.01183365403,0.01183392212,101479.615083923,-15482.0796886009,101469.100851721,-6391.04108876782,15.4820796886009,6.39104108876782,0.15257134924950488,0.011833788074240814,0.41100000000000003,1.889999999999753,0.017,1.13,-5.728390816231582e-51,1.3553835301975085e-16,0.7788464758755659,1.4312957910286213,-5.23014226690394
12,445,275,7,22,0.007727272727272728,0.1375,0.007,0.022,0.0152645391,0.01526433561,150458.840502632,-30304.7906093241,150457.054449658,-13649.0713372447,30.3047906093241,13.6490713372447,0.2014170146423319,0.01526443735466091,0.489,1.0823338864217036,0.0135,1.165,-4.242469397795796e-27,1.3649071337244698,1.1331559733526109,1.4274839584948211,-6.172880951993605
12,395,285,1,18,0.005,0.1425,0.001,0.018,0.01439141937,0.01439148771,156009.291727152,-23169.4123444398,156001.413492846,-9546.52874515283,23.1694123444398,9.546528745152829,0.14851677820149797,0.014391453539959435,0.431,1.6899999998265742,0.0075,1.225,1.175869141923319,0.010134671941039517,0.7281887052853444,1.4284539405111563,-6.257646459487433
12,430,255,13,5,0.007954545454545454,0.1275,0.013,0.005,0.0145295983,0.01452934744,132071.141234506,-24461.6310799307,132037.743030458,-10609.4080813114,24.4616310799307,10.6094080813114,0.18523898840884812,0.014529472869458594,0.44,1.599999996702154,0.0195,1.1049999999999993,1.1925222027722944,1.0585525198869785,1.0954924052777415,1.4283005857006015,-7.47986771033977
15,435,220,15.5,13,0.007678571428571429,0.11,0.0155,0.013,0.01736582005,0.01736573627,184805.941328852,-37231.9240702201,184802.602867319,-15688.540777656,37.231924070220096,15.688540777656,0.2014667932134053,0.017365778159949476,0.461,1.3899968581492255,0.022,1.0799999999971672,-1.049540546397537e-127,1.5688540777656,1.133210376026388,1.4251491353778338,-6.597210447316214
11,395,200,1.5,0,0.00975,0.1,0.0015,0,0.01159926467,0.01159906074,81222.7204861623,-12673.0666198066,81229.4611136477,-4626.33751367577,12.6730666198066,4.626337513675771,0.15602211685818113,0.011599162704551828,0.395,2.0499999999999985,0.008,1.22,-1.317747327372563e-92,2.126755963520456e-24,0.8213288474935976,1.4315564858838314,-5.5228853333774275
12,425,255,4.5,4,0.007727272727272728,0.1275,0.0045,0.004,0.01442169258,0.0144214987,129317.105066957,-22700.8266558782,129361.345542194,-9612.41826779696,22.700826655878203,9.61241826779696,0.17551386236012603,0.014421595639674191,0.433,1.66999999966621,0.011,1.19,1.1404241344775208,0.01952866539846048,1.033286125961747,1.428420449289251,-6.481659374793189
15,450,255,8,9,0.0069642857142857145,0.1275,0.008,0.009,0.018672741,0.01867260328,209815.900576677,-42163.3873425469,209798.426685895,-18806.0838207262,42.1633873425469,18.806083820726197,0.200962572723221,0.01867267213987303,0.468,1.319969232703649,0.014499999999999999,1.155,-4.0571820680404936e-244,1.8806083820726198,1.1326495800354375,1.4236970309556967,-6.911924225767403
11,480,295,9,36,0.00925,0.1475,0.009,0.036,0.01507105535,0.01507075544,140287.05985037,-33107.7844656158,140303.760618378,-16224.9951022509,33.1077844656158,16.2249951022509,0.23598622698312866,0.015070905394253976,0.5519999999999999,1.423869557443238e-8,0.0155,1.145,-1.0570217616373862e-58,1.62249951022509,1.1476870972930677,1.4276989940063844,-5.342885615763238
10,485,225,16.5,0,0.014444444444444444,0.1125,0.0165,0,0.01261022392,0.01260989413,80929.5502414321,-18671.0946771838,80917.7353748108,-8838.27789599313,18.6710946771838,8.83827789599313,0.23072484232085552,0.012610059023921878,0.485,1.1423032214370727,0.023,1.0699999999213234,1.829298259935585e-18,0.000007962853893060236,1.1469598819640778,1.430433267751198,-4.789704333927565
11,400,225,2.5,5,0.00875,0.1125,0.0025,0.005,0.01216868714,0.01216851202,94585.5050519737,-15208.1862127682,94614.4405389014,-5810.29564014567,15.208186212768199,5.810295640145671,0.16076311589972314,0.012168599579684978,0.41000000000000003,1.899999999999822,0.009,1.21,-1.7157229549519462e-54,3.7029119721970065e-19,0.8783379702527444,1.4309237782447946,-5.419261748497361
12,440,255,5.5,2,0.008409090909090908,0.1275,0.0055,0.002,0.01474530024,0.01474505431,128010.18723784,-23893.7158829123,128028.855851817,-10495.4175713502,23.8937158829123,10.4954175713502,0.18664119079728686,0.014745177274487277,0.444,1.5599999878018418,0.012,1.18,1.1995522287193652,1.042190259277354,1.1012456075987498,1.4280609141394587,-7.511048997536769
11,415,275,2.5,24,0.007,0.1375,0.0025,0.024,0.01340625131,0.01340594474,126652.247067205,-22160.758790088,126662.258710289,-9348.12092721753,22.160758790088,9.34812092721753,0.17496636238322227,0.013406098024123672,0.46299999999999997,1.3699939685734277,0.009,1.21,1.0653570795304206,0.0013772385533204257,1.028593122402341,1.4295487799731958,-6.104870189032706
12,450,290,15.5,6,0.007272727272727273,0.145,0.0155,0.006,0.01568061415,0.01568086097,153337.055875776,-29833.5658843972,153343.691593953,-14047.9135869477,29.833565884397203,14.047913586947699,0.1945578008239693,0.015680737559514372,0.462,1.3799956467432815,0.022,1.0799999999971672,8.89196845517886e-24,1.4047913586947698,1.1231538683364932,1.4270214027116506,-6.4149622764833625
14,470,230,1,33,0.00923076923076923,0.115,0.001,0.033,0.0173350511,0.01733519051,171278.844469842,-39390.7726316979,171255.002188029,-17878.3494666759,39.3907726316979,17.8783494666759,0.22999638203032902,0.017335120804859855,0.536,0.000003932271745417375,0.0075,1.225,-3.882231046363893e-174,1.78783494666759,1.1468387431679985,1.4251831991057111,-5.584860821213045
15,405,205,14.5,25,0.0071428571428571435,0.1025,0.0145,0.025,0.01617327942,0.01617299153,176175.207054473,-32931.6705776626,176190.106064258,-12594.0557884535,32.931670577662594,12.594055788453499,0.18691777755096114,0.016173135474359425,0.455,1.4499995564417707,0.021,1.089999999999898,-2.454692862953417e-56,1.2594055788385217,1.1022993878981753,1.4264742939173785,-6.328178817095743
11,435,270,7,15,0.00825,0.135,0.007,0.015,0.01370850692,0.01370856707,121392.305072226,-23017.3996864997,121377.277853442,-10128.7906721004,23.017399686499697,10.1287906721004,0.18962342360363002,0.01370853699496701,0.46499999999999997,1.3499884239314757,0.0135,1.165,1.1661925690042552,0.793887187717146,1.1113478590759904,1.429212736672259,-7.015628776401125
12,460,220,3.5,21,0.010909090909090908,0.11,0.0035,0.021,0.01445775822,0.01445737346,119433.173737268,-26246.773363558,119430.426827096,-11500.955274128,26.246773363558,11.500955274128,0.21976369194201362,0.014457565838720045,0.502,0.332458758609499,0.01,1.2,0.794046472420846,1.1500951789408294,1.1444193053062097,1.4283804824014221,-6.049400197678807
12,415,255,15.999999999999998,17,0.007272727272727273,0.1275,0.015999999999999997,0.017,0.01420586822,0.01420574126,138317.475153828,-25244.4608287568,138326.369250941,-10588.8819843828,25.2444608287568,10.5888819843828,0.1825051332417663,0.014205804739858167,0.44899999999999995,1.5099999374869433,0.022499999999999996,1.0749999999850703,1.1454611957794396,1.0559629233913632,1.082109330665442,1.4286602169557132,-7.297193604263972
13,470,240,7.5,6,0.009583333333333334,0.12,0.0075,0.006,0.01633027847,0.01633047836,146682.854017305,-31820.0934837433,146697.316412164,-14546.8433804975,31.820093483743303,14.5468433804975,0.2169205469873817,0.01633037841469416,0.482,1.1770823046751713,0.013999999999999999,1.16,-1.582458245994393e-42,1.4546843380497498,1.1434311045077274,1.4262995795392288,-6.361497326771877
15,465,265,15.5,5,0.0071428571428571435,0.1325,0.0155,0.005,0.01933388028,0.01933381158,217415.769262634,-46109.7238455877,217433.608573075,-21650.2509378371,46.1097238455877,21.6502509378371,0.21207216215362412,0.019333845929969486,0.47500000000000003,1.249699610358976,0.022,1.0799999999971672,0,2.16502509378371,1.141278990377795,1.422962393411145,-7.058966087928793
15,435,270,20,30,0.005892857142857143,0.135,0.02,0.03,0.01865808785,0.01865785426,238423.733041405,-48853.4442016486,238422.177609876,-21823.5185033216,48.8534442016486,21.8235185033216,0.2049024354017589,0.018657971054634445,0.495,0.8831874398750393,0.0265,1.034991125014131,0,2.18235185033216,1.136513484004725,1.4237133654948506,-6.660757264720906
12,455,220,14.5,6,0.010681818181818181,0.11,0.0145,0.006,0.01434961543,0.01434944691,115852.054288096,-24554.9299805062,115847.597059394,-10825.1489952995,24.5549299805062,10.8251489952995,0.2119548289541755,0.014349531169752615,0.467,1.3299777871089418,0.021,1.089999999999898,1.1892152344130709,1.0822325779673503,1.141218128969206,1.428500520922497,-7.261144249380964
10,485,265,20.5,28,0.012222222222222221,0.1325,0.0205,0.028,0.01329075554,0.01329054868,102781.132185886,-25291.8230460294,102778.159400611,-12365.0887964186,25.2918230460294,12.3650887964186,0.24607813009544016,0.013290652109597546,0.541,6.846893746197257e-7,0.027,1.0299532401952365,1.1411163800236073,1.236508879575677,1.1485221540186996,1.4296770532115581,-5.9857783917141525
15,425,275,1.5,39,0.005357142857142857,0.1375,0.0015,0.039,0.01851898987,0.01851868874,241800.951247062,-46127.668568875,241795.060383221,-19901.1044409319,46.127668568875,19.9011044409319,0.19076943342354402,0.018518839304387923,0.503,0.2608731787288951,0.008,1.22,0,1.9901104440931898,1.114566999242536,1.4238679563284578,-6.0094185783930785
15,475,295,16.5,38,0.0064285714285714285,0.1475,0.0165,0.038,0.02037733226,0.02037717027,265113.68216432,-62541.7959911304,265113.440041857,-30630.8634909987,62.5417959911304,30.630863490998703,0.23590568408085977,0.02037725126483903,0.5509999999999999,2.0285693982232682e-8,0.023,1.0699999999213234,0,3.06308634909987,1.1476777286562156,1.421803054150179,-6.702567152113283
15,470,235,12.5,8,0.008392857142857143,0.1175,0.0125,0.008,0.01869261876,0.01869262542,195415.14922224,-43403.497699,195383.409197514,-19880.7441928876,43.403497699,19.8807441928876,0.22212721570755928,0.018692622089999705,0.486,1.129379806346624,0.019,1.1099999999999997,-3.5151437650354485e-279,1.98807441928876,1.1451188934494079,1.4236748643444448,-6.796247983429237
15,445,240,6,25,0.007321428571428571,0.12,0.006,0.025,0.01815103799,0.01815077316,205408.477023689,-43130.2559938828,205410.035816415,-18675.0223271812,43.1302559938828,18.6750223271812,0.20997230965090485,0.018150905574517002,0.495,0.8831874398750393,0.0125,1.175,-2.958512741005729e-271,1.8675022327181199,1.1401152390322546,1.42427677158387,-6.490081683209283
10,430,230,5.5,13,0.011111111111111112,0.115,0.0055,0.013,0.01169959778,0.01169971442,83673.0069943639,-15978.4118324405,83673.9465634465,-6642.20216049314,15.9784118324405,6.64220216049314,0.19096149040051166,0.011699656099854645,0.456,1.4399993852339081,0.012,1.18,-6.947602239249638e-45,1.7361264718437945e-15,1.1150749368458288,1.4314448265557171,-5.166519148635455
11,475,295,4.5,32,0.009,0.1475,0.0045,0.032,0.01497168135,0.01497164885,138478.48269391,-31343.4727298116,138480.626448264,-15151.492564127,31.3434727298116,15.151492564127,0.22634007473399764,0.014971665099991182,0.5389999999999999,0.0000013787978217212164,0.011,1.19,-3.242249784534597e-37,1.5151492564127,1.146141299239967,1.4278092610000097,-5.279101195450498
14,390,255,14.5,7,0.005192307692307692,0.1275,0.0145,0.007,0.01593064164,0.01593040709,183402.953320856,-28317.068594095,183435.037283974,-11254.1083821518,28.317068594094998,11.2541083821518,0.15438460261823525,0.015930524364568332,0.404,1.9599999999999749,0.021,1.089999999999898,1.080248616335332e-10,1.1254068130283856,0.8012543237109621,1.4267438618171462,-6.403404998664392
10,390,205,17,35,0.010277777777777778,0.1025,0.017,0.035,0.01055118011,0.01055096963,78793.5836998424,-14332.4397910954,78790.7796595645,-5308.35782746508,14.3324397910954,5.30835782746508,0.18190180152171578,0.01055107486947515,0.46,1.3999977325681632,0.0235,1.0649999995853936,-1.5313961136380732e-66,2.235718519399823e-21,1.0787386232712906,1.4327210279228053,-4.976457383347652
12,390,200,22.5,39,0.008636363636363636,0.1,0.0225,0.039,0.01253575057,0.01253551698,112009.457916428,-20843.1192034513,112019.33331555,-7740.81698259774,20.8431192034513,7.740816982597741,0.18607536209146475,0.012535633774455908,0.468,1.319969232703649,0.028999999999999998,0.9752103523771268,0.000575399429382957,1.194757096396193e-10,1.099008274915741,1.4305159624728268,-4.825279222018202
14,445,230,9.5,15,0.00826923076923077,0.115,0.0095,0.015,0.01670797241,0.0167078602,168193.501073615,-34766.6216784837,168215.618825155,-14976.9291886783,34.7666216784837,14.9769291886783,0.20669250443678092,0.016707916304905802,0.475,1.2496996103589766,0.016,1.14,-2.4665629589429993e-83,1.49769291886783,1.1379329593567944,1.4258800929945492,-6.45120558157815
15,405,255,13.500000000000002,3,0.005357142857142857,0.1275,0.013500000000000002,0.003,0.01746540726,0.01746549235,205915.756306361,-33661.0460201864,205883.00617918,-13865.0806925985,33.6610460201864,13.8650806925985,0.16348298826089952,0.017465449804948182,0.41100000000000003,1.889999999999753,0.02,1.0999999999999963,-1.90148273684348e-66,1.38650806925985,0.9100489847602382,1.425038389105613,-6.711595443125451
11,430,265,21.5,21,0.00825,0.1325,0.0215,0.021,0.01351559488,0.01351563468,122641.560313097,-24214.0072893066,122643.825683275,-10698.2759559627,24.2140072893066,10.6982759559627,0.1974353848434936,0.01351561477998535,0.472,1.2798868234623761,0.027999999999999997,1.018703563411657,1.1983508452338971,1.068835994209391,1.1280381642862514,1.4294270946889052,-7.123242485292478
12,405,275,4,17,0.005909090909090909,0.1375,0.004,0.017,0.01440112245,0.01440123276,149543.284414981,-24350.8013404458,149526.105636325,-10083.7339430185,24.3508013404458,10.0837339430185,0.16284382280941828,0.01440117760489438,0.43900000000000006,1.609999997622221,0.010499999999999999,1.195,1.195659816085793,0.7037484037222346,0.9026774587543958,1.4284431359945617,-7.035528812179206
13,470,250,10,18,0.009166666666666667,0.125,0.01,0.018,0.01655326554,0.01655329948,159274.45040307,-35926.9601942187,159268.911303323,-16619.8903144383,35.9269601942187,16.6198903144383,0.22557029603250597,0.0165532825099913,0.506,0.11205074670079034,0.0165,1.135,-4.56871246232116e-103,1.6619890314438301,1.1459735103945985,1.4260519083222318,-5.481065196861451
14,465,200,14,35,0.010192307692307691,0.1,0.014,0.035,,,,,,,,,,,,,,,,,,,
10,420,270,6.5,37,0.008333333333333333,0.135,0.0065,0.037,0.01220054915,0.01220034389,105511.377683736,-20266.4737060304,105513.142846695,-8640.96330059736,20.2664737060304,8.64096330059736,0.19207695537748526,0.012200446519568338,0.494,0.9336449026565556,0.013,1.17,4.874349630058769e-7,0.0000010822814731836266,1.117859348815934,1.4308883927560352,-4.652394213944961
10,435,210,1.5,39,0.0125,0.105,0.0015,0.039,0.01145025303,0.011450102,80399.9531928224,-16916.095457134,80397.9601028298,-7000.40931030417,16.916095457134002,7.000409310304169,0.2104019276336076,0.011450177514750986,0.513,0.011269742951705356,0.008,1.22,-1.742229874911068e-34,6.577586812248522e-14,1.1403667152953558,1.43172202498361,-3.803358483230737
11,440,265,10,23,0.00875,0.1325,0.01,0.023,0.01371393001,0.01371366957,121857.21362187,-24632.3352753097,121853.302454823,-10924.6837880008,24.6323352753097,10.9246837880008,0.20214421334802166,0.013713799789381744,0.486,1.129379806346624,0.0165,1.135,1.1860085916112486,1.0923630574692897,1.1339305497824883,1.4292068891229093,-7.10588889433256
11,485,230,3.5,36,0.01275,0.115,0.0035,0.036,0.01394883881,0.01394870592,108468.609064559,-26866.6363528375,108465.528222523,-12578.2519018913,26.8666363528375,12.578251901891301,0.2476939470341878,0.013948772364841744,0.5569999999999999,2.4092024546428087e-9,0.01,1.2,0.012653768686997992,1.2578251901811426,1.1486037296733493,1.4289458084835092,-5.048028499434201
13,445,290,22,34,0.006458333333333333,0.145,0.022,0.034,0.01686308913,0.01686298879,195458.629587039,-41359.4265050548,195452.825060969,-19296.9943698419,41.3594265050548,19.2969943698419,0.2116050886605817,0.01686303895992537,0.513,0.011269742951705356,0.028499999999999998,1.008206756311851,-1.2503621646852646e-222,1.92969943698419,1.1410339146889559,1.425707734488972,-5.515917585425674
12,435,255,15,2,0.008181818181818182,0.1275,0.015,0.002,0.01463752372,0.01463733975,130452.527706331,-24574.1441689479,130451.439417865,-10826.1574780139,24.5741441689479,10.8261574780139,0.18837692994881794,0.014637431734710972,0.439,1.6099999976222215,0.0215,1.0849999999994624,1.188458486009894,1.0823362323255652,1.1074499058125264,1.4281806314058767,-7.501425253175546
10,390,250,19.5,1,0.0077777777777777776,0.125,0.0195,0.001,0.01131959964,0.01131749364,88147.2978490049,-13694.0840402312,88167.8322248811,-5504.39433276117,13.6940840402312,5.504394332761169,0.155336460658425,0.01131854659101805,0.392,2.0799999999999996,0.026,1.0399983156220642,-4.5369053456030755e-76,1.6464259330226894e-20,0.8129434893750391,1.4318682815655355,-5.364810086562638
13,475,245,4.5,19,0.009583333333333334,0.1225,0.0045,0.019,0.01655850101,0.01655808457,155470.856894539,-35381.1802485626,155465.589141415,-16343.3748067145,35.3811802485626,16.3433748067145,0.2275782122340778,0.01655829278869082,0.513,0.011269742951705356,0.011,1.19,-1.5729395831157204e-93,1.6343374806714501,1.1463951811610658,1.426046341345899,-5.40804874613012
13,460,240,1,0,0.009166666666666667,0.12,0.001,0,0.01609655548,0.01609680126,137700.135728351,-27278.0605155069,137775.461236975,-12201.8905954948,27.278060515506898,12.2018905954948,0.1980433972066747,0.0160966783695309,0.46,1.3999977325681632,0.0075,1.225,0.0001439624307595966,1.2201890592154867,1.1289289295613267,1.4265592462560768,-6.4008189300318135
15,420,270,7.5,0,0.005357142857142857,0.135,0.0075,0,0.01825533045,0.01825518012,212679.072097024,-35460.7343846597,212706.736438644,-15318.3649372074,35.4607343846597,15.3183649372074,0.16672269618827434,0.018255255284845257,0.42,1.799999999995279,0.013999999999999999,1.16,-6.836409117525271e-95,1.53183649372074,0.9464840676708646,1.4241608274612831,-6.862481388848166
10,430,200,1,0,0.012777777777777779,0.1,0.001,0,0.0111890634,0.01118886015,67742.3248166805,-12219.5836603027,67742.0864109519,-4917.82031808137,12.2195836603027,4.91782031808137,0.18038361092024147,0.01118896177453849,0.43,1.6999999998749997,0.0075,1.225,-1.840854591944915e-100,4.1701025767211044e-23,1.0695538840616687,1.4320122646949573,-5.4265661486316255
15,460,200,6.5,24,0.009285714285714286,0.1,0.0065,0.024,0.01752038692,0.01752021512,175105.43554922,-39619.8738382788,175097.956893961,-17124.1374093129,39.6198738382788,17.1241374093129,0.22626779010281087,0.017520301019789422,0.508,0.05977163559837079,0.013,1.17,-1.7674095965027384e-179,1.71241374093129,1.146125876043954,1.4249774433113451,-5.5132886958849605
14,485,295,1.5,36,0.007307692307692308,0.1475,0.0015,0.036,0.01927658504,0.01927651133,223655.51448737,-52093.7863988873,223625.446082105,-25591.9038449836,52.093786398887296,25.5919038449836,0.23293540798281484,0.019276548184964767,0.5569999999999999,2.4092024546428087e-9,0.008,1.22,0,2.5591903844983603,1.1472954095485297,1.4230260575722613,-6.3495118540283535
12,405,205,11.5,7,0.009090909090909092,0.1025,0.0115,0.007,0.01296220548,0.01296188164,106377.530251406,-18532.28873464,106371.755225644,-7078.48934490217,18.532288734639998,7.07848934490217,0.1742171655233764,0.01296204355898866,0.41900000000000004,1.8099999999965974,0.018,1.12,1.0264410024262941e-19,1.4520481551043584e-13,1.0219880669456072,1.430042173823346,-5.382030240765696
13,485,200,17,0,0.011875,0.1,0.017,0,0.01578792197,0.01578781678,125385.882509587,-29339.0328369859,125375.973004056,-13598.0694324932,29.3390328369859,13.5980694324932,0.23399916865185413,0.015787869374912392,0.485,1.1423032214370727,0.0235,1.0649999995853936,1.4898523064088642e-18,1.3598069432493196,1.147440853975997,1.4269023673612085,-6.141453385608991
11,445,270,12.5,9,0.00875,0.135,0.0125,0.009,0.01390668755,0.01390699645,119508.562275772,-23473.0768208317,119508.821267409,-10649.353759202,23.4730768208317,10.649353759202,0.19641313508567312,0.013906841999142336,0.463,1.369993968573427,0.019,1.1099999999999997,1.190271936045366,1.0633263648283497,1.126436316095762,1.4289923977787309,-7.2890209833216355
11,440,270,11.5,18,0.0085,0.135,0.0115,0.018,0.01380789203,0.01380766217,123100.650149398,-24409.705603384,123104.824266613,-10911.2937183355,24.409705603384,10.9112937183355,0.19828726932080493,0.013807777099521686,0.476,1.2395841658382218,0.018,1.12,1.1940990200898334,1.0910091093843837,1.1292740048789824,1.4291024698894204,-7.203068770080842
15,440,240,10.5,14,0.0071428571428571435,0.12,0.0105,0.014,0.01801704162,0.0180166808,200996.786678546,-40370.527547791,201013.302768521,-17403.6562135271,40.370527547791006,17.4036562135271,0.200843355137617,0.018016861209096742,0.468,1.319969232703649,0.017,1.13,-1.5436164306277112e-197,1.74036562135271,1.1325137699460879,1.4244257097676702,-6.747274333770116
15,445,235,14,25,0.0075,0.1175,0.014,0.025,0.01802175308,0.01802166836,202956.951937449,-43577.0438690833,202949.774899738,-18996.0799813044,43.577043869083305,18.9960799813044,0.2147145686175057,0.018021710719950217,0.495,0.8831874398750393,0.0205,1.0949999999999804,-2.8432214625624305e-284,1.8996079981304401,1.1425338818579094,1.4244203214222775,-6.444749641285647
14,450,225,9,7,0.008653846153846153,0.1125,0.009,0.007,0.01671330958,0.01671298518,160762.483433745,-33020.1890014681,160786.299793869,-14302.8972003953,33.0201890014681,14.3028972003953,0.20538214301789978,0.01671314737921293,0.464,1.3599916439225408,0.0155,1.145,-1.6101471750166344e-57,1.43028972003953,1.1369118464822145,1.4258742806897633,-6.498067491134048
10,390,280,17,6,0.0061111111111111106,0.14,0.017,0.006,0.01182863405,0.01182855459,103801.712981343,-15425.8578832311,103795.390268308,-6466.73128642099,15.4258578832311,6.466731286420989,0.1486134213716357,0.011828594319933277,0.402,1.979999999999987,0.0235,1.0649999995853936,-1.1074958299481926e-51,2.923437147132256e-16,0.7294037340934868,1.4313015618667408,-5.2057052955456085
10,405,260,10.5,39,0.008055555555555555,0.13,0.0105,0.039,0.01175884603,0.01175907233,102013.76652915,-18877.6946745931,102023.764597569,-7734.06019637172,18.8776946745931,7.73406019637172,0.18504139501210376,0.01175895917945561,0.48300000000000004,1.16596648197717,0.017,1.13,1.0489434162240389e-16,1.1157220535901904e-10,1.0946240941869145,1.4313789342450494,-4.821969510520706
13,485,220,15.5,38,0.011041666666666667,0.11,0.0155,0.038,0.01623426413,0.01623402741,148749.757162885,-38216.8378224301,148754.148517147,-18010.4701218733,38.2168378224301,18.0104701218733,0.2569165452751798,0.016234145769568532,0.5609999999999999,5.759836306374795e-10,0.022,1.0799999999971672,-5.1728093950540764e-148,1.80104701218733,1.1488656743146037,1.4264065047004795,-5.456319191775565
10,445,295,19.5,28,0.008333333333333333,0.1475,0.0195,0.028,0.01307850665,0.01307921061,116023.112419662,-23909.5162402419,116034.24859654,-11195.1595062924,23.9095162402419,11.1951595062924,0.20606557071123108,0.013078858625263734,0.501,0.4132554956023084,0.026,1.0399983156220642,1.1996604741834163,1.1195087309866343,1.1374562525618193,1.4299123793052626,-6.339791648261505
11,465,225,12.5,34,0.012,0.1125,0.0125,0.034,0.0134582435,0.01345796111,106409.446150978,-25205.9181637563,106411.698792092,-11405.0777164368,25.2059181637563,11.4050777164368,0.2368741900332404,0.013458102304259329,0.533,0.000011189952638223666,0.019,1.1099999999999997,1.1488542871473995,1.1405068702325487,1.1477871153403392,1.4294909974397119,-5.976650460112637
14,450,290,10,3,0.006153846153846154,0.145,0.01,0.003,0.01827861706,0.01827865285,204752.034290172,-38728.9567530636,204767.48616215,-18110.4090373435,38.7289567530636,18.110409037343498,0.18914339779386144,0.01827863495499124,0.456,1.4399993852339081,0.0165,1.135,-3.7473617075654e-159,1.8110409037343498,1.1098980925773942,1.4241348500500097,-6.920073231595661
15,425,215,10,6,0.0075,0.1075,0.01,0.006,0.01696845207,0.01696831909,175177.789947387,-32768.5668810549,175185.604329665,-13275.5268866233,32.7685668810549,13.2755268866233,0.1870547404463913,0.01696838557986973,0.437,1.6299999987640423,0.0165,1.135,-3.4520198054692713e-54,1.3275526886623221,1.1028117504483166,1.4255906826890337,-6.620955120563715
12,440,255,10.5,1,0.008409090909090908,0.1275,0.0105,0.001,0.01474494052,0.01474515752,128862.723836364,-24400.2751128438,128867.770422729,-10782.9289746144,24.4002751128438,10.7829289746144,0.1893472108348358,0.014745049019600807,0.442,1.579999993656965,0.017,1.13,1.1943651861652307,1.0778640067549428,1.1105212768681694,1.428061056644888,-7.520811520090195
13,485,295,21.5,12,0.007916666666666667,0.1475,0.0215,0.012,0.01790755306,0.01790766457,188386.660558227,-43124.5317415433,188411.336369053,-21624.0426360051,43.1245317415433,21.6240426360051,0.2289000057627175,0.017907608814913205,0.509,0.04315754459158566,0.027999999999999997,1.018703563411657,-4.3240801000585606e-271,2.16240426360051,1.1466457968204011,1.424547101316763,-5.795458269740918
11,435,260,10.5,22,0.00875,0.13,0.0105,0.022,0.01352079546,0.01352054755,119168.282925078,-23688.2021893889,119180.581460913,-10348.2542409556,23.6882021893889,10.348254240955601,0.19876916369579686,0.013520671504431802,0.479,1.2088976280547754,0.017,1.13,1.1965600675962194,1.0039741172501386,1.1299362049526886,1.429421476106187,-7.098789493960009
14,430,225,6.5,15,0.007884615384615386,0.1125,0.0065,0.015,0.01621156272,0.01621134448,163365.503344432,-31684.2088693824,163344.092786194,-13050.591346293,31.684208869382402,13.050591346293,0.19395946316037382,0.016211453599632754,0.45999999999999996,1.3999977325681636,0.013,1.17,-5.649071593613606e-41,1.3050591346292266,1.1219795210358063,1.4264317182226303,-6.423468106455827
11,470,270,4.5,4,0.01,0.135,0.0045,0.004,0.01440281031,0.01440253854,115287.578746491,-23929.5909246739,115297.697165359,-11241.2951659994,23.9295909246739,11.2412951659994,0.20755523832199158,0.014402674424358983,0.478,1.2192033822881858,0.011,1.19,1.199772926308649,1.1241249463686895,1.1385555943533037,1.4284414728618233,-7.30009832218065
15,460,200,3,21,0.009285714285714286,0.1,0.003,0.021,0.01752055093,0.01752010055,172672.589830918,-38266.4087367198,172698.051876858,-16454.6841305904,38.266408736719804,16.4546841305904,0.22159618809227283,0.01752032573855281,0.502,0.332458758609499,0.0095,1.205,-4.495633388478774e-149,1.64546841305904,1.1449703980795785,1.4249774158460524,-5.75287498559417
12,400,270,9,9,0.005909090909090909,0.135,0.009,0.009,0.0141907852,0.01419056371,143502.31759317,-22613.6869188903,143498.840986811,-9317.74466489773,22.6136869188903,9.31774466489773,0.15758603228249687,0.01419067445456787,0.41800000000000004,1.8199999999975487,0.0155,1.145,1.1318235469052234,0.0010135399471342048,0.8403351630492519,1.4286770283838135,-6.366849278282972
14,440,225,8,5,0.00826923076923077,0.1125,0.008,0.005,0.01646221985,0.01646225446,158561.037113088,-31017.4276632234,158560.094780165,-13128.5006813297,31.0174276632234,13.128500681329701,0.19561880016120275,0.016462237154990903,0.45,1.4999999133337771,0.014499999999999999,1.155,-8.33726545401421e-34,1.3128500681329358,1.12509382811899,1.4261530698277878,-6.519096879413491
15,480,215,10,37,0.009464285714285713,0.1075,0.01,0.037,0.01844473954,0.01844445793,192925.843247968,-48377.3573637715,192930.970888708,-22300.206213489,48.3773573637715,22.300206213489002,0.25075289898033104,0.018444598734462553,0.5539999999999999,7.005790575869919e-9,0.0165,1.135,0,2.2300206213489,1.1487265989524031,1.4239504458505972,-5.9376976731576905
11,405,270,7,15,0.00675,0.135,0.007,0.015,0.01311363131,0.01311374203,122408.612079906,-20193.6391768976,122379.491666519,-8347.70943926169,20.193639176897598,8.347709439261688,0.16498873115750096,0.013113686669883148,0.43500000000000005,1.6499999993576517,0.0135,1.165,1.828661957225013e-7,5.568786459878846e-8,0.9271901027478151,1.4298736814779076,-5.172064022137435
12,435,295,3.5,38,0.006363636363636363,0.1475,0.0035,0.038,0.01546001459,0.01545986808,168691.922169947,-33045.9797784431,168698.070634385,-14884.6763958976,33.0459797784431,14.884676395897602,0.19589187876769817,0.015459941334826444,0.511,0.02218273971593143,0.01,1.2,-7.241961589066428e-58,1.4884676395897602,1.1255654994174427,1.4272667318501928,-5.263482610573327
15,480,285,2,7,0.0069642857142857145,0.1425,0.002,0.007,0.02025314968,0.020253214,230375.417849043,-48654.7952447577,230396.022041973,-23463.0307707929,48.6547952447577,23.463030770792898,0.2111884161262708,0.020253181839974464,0.494,0.9336449026565556,0.0085,1.2149999999999999,0,2.34630307707929,1.1408088420007139,1.421940909066695,-7.057697730803255
12,440,255,15.999999999999998,1,0.008409090909090908,0.1275,0.015999999999999997,0.001,0.01474538832,0.01474527576,130011.561884751,-25002.3160493345,130004.305067531,-11147.0601425425,25.0023160493345,11.147060142542498,0.1923137718642402,0.014745332039892596,0.442,1.579999993656965,0.022499999999999996,1.0749999999850703,1.1648142084374742,1.1146943854004514,1.1184158720538802,1.4280607421778972,-7.480985201711738
12,440,255,1.5,2,0.008409090909090908,0.1275,0.0015,0.002,0.01474509107,0.01474495641,125878.628924218,-22979.6546705486,125858.192435413,-10029.07428546,22.9796546705486,10.02907428546,0.18256887984967218,0.014745023739846276,0.444,1.5599999878018418,0.008,1.22,1.1635285705955984,0.5738415529133303,1.0824563537545513,1.4280610847335042,-7.027887549798826
10,480,250,5.5,14,0.012777777777777779,0.125,0.0055,0.014,,,,,,,,,,,,,,,,,,,
13,425,290,19,34,0.005625,0.145,0.019,0.034,0.01639620115,0.01639625146,196801.18192925,-38040.6374934534,196803.865338099,-17051.7525640801,38.0406374934534,17.0517525640801,0.19329344355942182,0.016396226304980704,0.493,0.9754123453884477,0.0255,1.0449996803321728,-2.848995890332491e-144,1.70517525640801,1.1205987377660769,1.4262264152166881,-6.272412435111396
15,485,240,20.5,39,0.00875,0.12,0.0205,0.039,0.01922447535,0.0192247441,215273.060773506,-55375.5371374991,215255.741604338,-26565.3745618816,55.3755371374991,26.565374561881598,0.2572442859871946,0.019224609724530377,0.563,2.805547356200136e-10,0.027,1.0299532401952365,0,2.65653745618816,1.1488694914054425,1.423083766972744,-6.258443955042138
12,450,220,1.5,31,0.010454545454545454,0.11,0.0015,0.031,0.01424153284,0.01424158978,120134.50075221,-25970.0994497018,120134.621997058,-11198.7869915537,25.9700994497018,11.1987869915537,0.21617508860517304,0.014241561309971541,0.512,0.015827864766640515,0.008,1.22,1.025914484306735,1.1198717344535272,1.143141746387009,1.428620487433365,-5.953376317347277
14,455,235,20,34,0.008461538461538461,0.1175,0.02,0.034,0.01707941701,0.01707926727,180503.372536877,-41658.164545589,180499.383427975,-18746.6168142449,41.658164545589,18.7466168142449,0.23079139347173433,0.017079342139835897,0.523,0.00036032667873735783,0.0265,1.034991125014131,-1.6836552517935082e-230,1.8746616814244899,1.1469706776694777,1.4254673976224046,-5.48245120840924
11,455,265,17,9,0.0095,0.1325,0.017,0.009,0.01401133603,0.01401126411,117831.140224688,-24490.0869116862,117831.165655448,-11323.6077523088,24.490086911686202,11.323607752308801,0.20784050992136724,0.014011300069953854,0.47300000000000003,1.269843288888497,0.0235,1.0649999995853936,1.1915781499623788,1.132358753940954,1.138753388988606,1.428876333255607,-7.226409914621437
11,445,270,19.5,8,0.00875,0.135,0.0195,0.008,0.01390710299,0.01390689381,120211.60035077,-23933.2026517628,120201.507462403,-10973.8712520013,23.9332026517628,10.973871252001299,0.19910064713652736,0.013906998399606706,0.461,1.3899968581492255,0.026,1.0399983156220642,1.199790179438149,1.0973224310296432,1.130377063424943,1.428992224000437,-7.286477071664462
10,470,295,22,19,0.00972222222222222,0.1475,0.022,0.019,0.0135302551,0.01353024145,113271.394279966,-25134.3906237491,113267.714201008,-12318.8995717355,25.1343906237491,12.3188995717355,0.22189891004339693,0.013530248274998278,0.508,0.05977163559837079,0.028499999999999998,1.008206756311851,1.154828395600326,1.231889957068905,1.1450556396141938,1.429410835250002,-6.029163219443648
15,460,210,22.5,36,0.008928571428571428,0.105,0.0225,0.036,0.01777886812,0.0177785889,188520.055969559,-45168.6409156288,188513.947007665,-20195.7090480212,45.1686409156288,20.1957090480212,0.23959982688503748,0.017778728509451846,0.532,0.000015849819332155084,0.028999999999999998,0.9752103523771268,0,2.01957090480212,1.148058866730627,1.4246903016561645,-5.5675462753853715
13,475,240,7,5,0.009791666666666666,0.12,0.007,0.005,0.01644686488,0.01644673508,146173.866917997,-32117.0917709773,146172.763291094,-14818.952289526,32.1170917709773,14.818952289525999,0.21971925414864873,0.01644679997987195,0.485,1.1423032214370727,0.0135,1.165,-5.030712970474491e-46,1.4818952289526,1.144405157303897,1.4261702222445867,-6.359773829938156
15,475,270,15.999999999999998,6,0.007321428571428571,0.135,0.015999999999999997,0.006,0.01973118791,0.01973161828,222935.040667228,-49033.7673751097,222958.491658563,-23540.3527562581,49.033767375109704,23.540352756258102,0.219934867353484,0.01973140309382663,0.487,1.1153622878903138,0.022499999999999996,1.0749999999850703,0,2.3540352756258103,1.1444734441241908,1.4225206632290814,-7.111391670854466
15,425,260,10,10,0.005892857142857143,0.13,0.01,0.01,0.01813132077,0.01813136484,215606.724998918,-39118.1635200427,215603.029933496,-16736.3755204549,39.1181635200427,16.736375520454903,0.18143450176636247,0.01813134280498661,0.445,1.549999983085226,0.0165,1.135,-6.946110783375884e-168,1.6736375520454903,1.0760195066301375,1.4242985079944592,-6.858955549755313
15,480,235,13,32,0.00875,0.1175,0.013,0.032,0.01896144709,0.0189611125,207513.548973115,-51194.532714335,207506.712796106,-23981.3579246733,51.194532714335,23.981357924673297,0.24670859443362664,0.01896127979426198,0.544,2.3907570237234866e-7,0.0195,1.1049999999999993,0,2.39813579246733,1.1485554338819683,1.4233763557841534,-6.075067821209154
12,430,255,6,10,0.007954545454545454,0.1275,0.006,0.01,0.01452933315,0.01452928638,133397.926034175,-24649.1006396704,133405.714620124,-10536.2730611348,24.6491006396704,10.5362730611348,0.1847733455939708,0.014529309764981181,0.45,1.4999999133337771,0.0125,1.175,1.1852586024823082,1.048710858090158,1.0934225128564752,1.4283007669277987,-7.430692653690517
15,485,205,22.5,0,0.01,0.1025,0.0225,0,0.01832070043,0.01832065817,171956.010460098,-40676.81851881,171977.619426491,-19027.735041095,40.67681851881,19.027735041095,0.23653876832287837,0.018320679299987815,0.485,1.1423032214370727,0.028999999999999998,0.9752103523771268,-3.75902613799085e-205,1.9027735041095,1.1477500312632907,1.4240881341111247,-6.592125243298115
11,395,235,1,37,0.008,0.1175,0.001,0.037,0.01225754809,0.01225727613,107312.426499167,-18634.8533490658,107312.305560096,-7130.55346958142,18.6348533490658,7.130553469581421,0.17365056832241713,0.01225741210924574,0.46900000000000003,1.3099573864690017,0.0075,1.225,8.74695689210748e-19,2.4619277188605836e-13,1.016857735229587,1.4308250976563937,-4.982640219355229
12,400,270,6,0,0.005909090909090909,0.135,0.006,0,0.01419055067,0.01419062077,134768.066500889,-20235.6530094055,134764.792110377,-8411.33714718104,20.235653009405503,8.41133714718104,0.1501535146041961,0.014190585719956714,0.4,1.9999999999999931,0.0125,1.175,3.226892649767746e-7,1.0602050788084512e-7,0.7487196206477931,1.4286771269778258,-5.352397176335385
15,435,275,12.5,31,0.005714285714285714,0.1375,0.0125,0.031,0.01878722604,0.01878713039,242703.439110936,-48876.6994532623,242707.975933085,-21741.0143116376,48.8766994532623,21.7410143116376,0.2013825713223681,0.018787178214939127,0.497,0.7529903359889053,0.019,1.1099999999999997,0,2.17410143116376,1.1331182088287188,1.423569801983401,-6.5937797779647855
15,470,265,10,9,0.007321428571428571,0.1325,0.01,0.009,0.01946797796,0.01946818147,219446.757107779,-47392.9168534042,219424.266218673,-22226.1012370463,47.392916853404195,22.2261012370463,0.21597651426799497,0.019468079714734077,0.488,1.0998554448424576,0.0165,1.135,0,2.22261012370463,1.1430623562306381,1.4228132447614066,-7.023341169539132
12,455,260,15,5,0.008863636363636363,0.13,0.015,0.005,0.01517175637,0.01517157403,135232.225480233,-27743.9854881148,135222.945431392,-12764.9057937136,27.7439854881148,12.7649057937136,0.20516513262386754,0.015171665199726068,0.465,1.349988423931475,0.0215,1.0849999999994624,4.239340741773885e-7,1.2764905793701065,1.1367333378021538,1.4275870386669711,-6.275799803704242
11,460,265,8.5,28,0.00975,0.1325,0.0085,0.028,0.01411055247,0.01411025261,122935.62139896,-27169.7294940213,122920.578897155,-12506.950350321,27.1697294940213,12.506950350321,0.22102130848969742,0.01411040253920346,0.516,0.004035992425213973,0.015,1.15,0.0004980578553568707,1.2506950350158967,1.14480411901963,1.428766219400885,-4.978799423716982
11,485,230,16.5,37,0.01275,0.115,0.0165,0.037,0.01394886309,0.01394865741,110311.284355702,-28163.7277507478,110318.402216402,-13392.4715785526,28.1637277507478,13.3924715785526,0.2553031570953181,0.013948760249620896,0.5589999999999999,1.1793943548568594e-9,0.023,1.0699999999213234,1.1172204313470078e-9,1.3392471578552576,1.1488419227524616,1.4289458219448656,-4.987034904770523
15,455,280,20,34,0.00625,0.14,0.02,0.034,0.01945319949,0.01945300535,249408.662208346,-55313.6107021508,249432.281521683,-25929.0616009396,55.3136107021508,25.9290616009396,0.221768527461087,0.019453102419757812,0.523,0.00036032667873735783,0.0265,1.034991125014131,0,2.59290616009396,1.1450191189864727,1.422829886200269,-6.1961066169735695
13,470,235,14.5,9,0.009791666666666666,0.1175,0.0145,0.009,0.01621857512,0.01621860638,147202.487219177,-32940.7614778557,147187.457049623,-15147.8121927607,32.9407614778557,15.1478121927607,0.22378999121458276,0.01621859074999247,0.488,1.0998554448424576,0.021,1.089999999999898,-1.8580199851596923e-56,1.51478121927607,1.1455539755358504,1.426423788055564,-6.2766144277098395
12,485,200,12,13,0.012954545454545455,0.1,0.012,0.013,0.01458690501,0.01458667694,111251.802596927,-26684.5699104065,111249.034464443,-12288.2863737993,26.6845699104065,12.288286373799298,0.2398604002115415,0.014586790974554254,0.511,0.02218273971593143,0.0185,1.115,0.07125171831216956,1.228828637238158,1.1480822302485134,1.428236898917162,-5.013582224431934
15,485,295,15.5,1,0.0067857142857142855,0.1475,0.0155,0.001,0.0206459951,0.0206457701,238994.22850058,-52130.3371516027,238978.867193509,-26089.7455098048,52.130337151602696,26.0897455098048,0.21813084312966927,0.020645882599693494,0.487,1.1153622878903138,0.022,1.0799999999971672,0,2.60897455098048,1.1438731313991604,1.4215045748892294,-7.36971454515635
15,485,260,11,19,0.008035714285714287,0.13,0.011,0.019,0.01974123532,0.01974128536,222436.707944067,-52672.8808666848,222451.466036043,-25259.0374349612,52.6728808666848,25.2590374349612,0.23679155336694047,0.019741260339984145,0.523,0.00036032667873735783,0.017499999999999998,1.125,0,2.5259037434961202,1.1477780565886506,1.422509710733351,-6.221551837496859
13,420,210,16.5,20,0.00875,0.105,0.0165,0.02,0.01449386715,0.01449386835,134503.385321837,-26368.3636354132,134480.68237236,-10605.6353666166,26.3683636354132,10.6056353666166,0.1960589261317315,0.014493867749999988,0.45999999999999996,1.3999977325681636,0.023,1.0699999999213234,0.5680629892107805,1.0580845203574099,1.12584872698601,1.4283401469444446,-6.650334115988132
12,415,275,11,20,0.006363636363636363,0.1375,0.011,0.02,0.01461700629,0.01461712476,151670.769691144,-26879.5823231829,151699.70705168,-11480.3371402565,26.879582323182902,11.4803371402565,0.17720631706856463,0.014617065524879975,0.45499999999999996,1.4499995564417714,0.017499999999999998,1.125,0.011107879230643974,1.1480332865297376,1.0470380689995678,1.4282032605279111,-6.209382051729632
14,455,215,12,19,0.00923076923076923,0.1075,0.012,0.019,0.01659805573,0.01659775868,160841.131272984,-35454.2260664302,160851.256750205,-15461.0887191275,35.4542260664302,15.461088719127499,0.22042315829640985,0.016597907204335467,0.493,0.9754123453884477,0.0185,1.115,-8.843126097055184e-95,1.5461088719127498,1.144624789630334,1.4260023253285161,-6.207148332260047
11,430,290,3,9,0.007,0.145,0.003,0.009,0.01398551638,0.01398556398,128108.793104648,-22109.5157006557,128140.253593307,-9861.58406887875,22.1095157006557,9.86158406887875,0.17256271703010465,0.01398554017997975,0.448,1.5199999549107974,0.0095,1.205,1.0522535830427364,0.1975687767506045,1.0066992366408825,1.428904955355578,-6.410426506700599
10,390,285,2,7,0.005833333333333333,0.1425,0.002,0.007,0.01191393867,0.01191362933,103643.892698992,-14391.3566503077,103677.814690605,-5917.7573316703,14.3913566503077,5.9177573316703,0.1388311626809333,0.011913783998996003,0.404,1.9599999999999749,0.0085,1.2149999999999999,-1.0787631308598832e-65,1.1045935570296206e-18,0.6050781488420423,1.4312069066677822,-5.2112850555098
11,435,270,14.5,27,0.00825,0.135,0.0145,0.027,0.01370854104,0.01370855818,126162.314857333,-25436.5641440207,126157.755123954,-11296.5975900661,25.4365641440207,11.2965975900661,0.20162141006112252,0.01370854960999732,0.489,1.0823338864217036,0.021,1.089999999999898,1.1265032689744494,1.1296571172375058,1.1333780403873166,1.4292127226555587,-6.9910850356764325
13,400,230,12,23,0.007083333333333333,0.115,0.012,0.023,0.0144737127,0.0144735158,146964.484214988,-26062.5589254048,146978.177191403,-10112.6210484872,26.062558925404797,10.1126210484872,0.17733090412249164,0.01447361424966517,0.446,1.5399999765458317,0.0185,1.115,0.9804971661491195,0.7636433329047518,1.0480036009620797,1.4283626508337055,-6.8755067273954875
13,450,255,15,3,0.008125,0.1275,0.015,0.003,0.01619824515,0.0161982182,154563.169522812,-31049.6828093377,154609.375035062,-14060.2453332815,31.0496828093377,14.0602453332815,0.20085666533221339,0.016198231674994394,0.456,1.4399993852339081,0.0215,1.0849999999994624,-3.9095787538354765e-34,1.40602453332815,1.1325289948020865,1.4264464092500062,-6.489999322613613
12,400,265,6.5,39,0.006136363636363637,0.1325,0.0065,0.039,0.01408778488,0.01408755477,150725.635840496,-26727.2989524829,150729.31269388,-10815.3222083478,26.7272989524829,10.8153222083478,0.17732201169305511,0.014087669824530169,0.47800000000000004,1.2192033822881854,0.013,1.17,0.04849123551252748,1.0812210383623906,1.0479349037393295,1.4287914779727442,-5.995642037875177
11,420,265,10,20,0.00775,0.1325,0.01,0.02,0.01331714953,0.0133173187,121340.512980256,-22293.7821412821,121343.062513973,-9484.86127805768,22.2937821412821,9.48486127805768,0.18372716074510365,0.013317234114731378,0.45999999999999996,1.3999977325681636,0.0165,1.135,1.0911562824632273,0.005461400641865487,1.0884645893428955,1.4296475176502985,-6.149727522666451
15,465,265,8,4,0.0071428571428571435,0.1325,0.008,0.004,0.01933375958,0.01933346251,213637.914885426,-44231.413703413,213662.343411686,-20596.7435844281,44.231413703413004,20.5967435844281,0.2070273205636102,0.019333611044429422,0.47300000000000003,1.269843288888497,0.014499999999999999,1.155,-6.986215731852435e-304,2.05967435844281,1.138179060853703,1.4229626543950784,-7.045659362580089
10,485,225,22.5,14,0.014444444444444444,0.1125,0.0225,0.014,0.01260991593,0.01260987217,85807.4124440106,-20815.2361125101,85802.8185165752,-9907.61829497106,20.815236112510103,9.90761829497106,0.24258735628354214,0.012609894049981018,0.513,0.011269742951705356,0.028999999999999998,0.9752103523771268,0.00042032980390793864,0.2815554722844949,1.1483017019691735,1.4304334510555767,-3.8471910504419853
12,430,255,4.5,10,0.007954545454545454,0.1275,0.0045,0.01,0.01452955595,0.01452942953,132992.34803593,-24433.4323319014,132978.488597745,-10415.2577102859,24.4334323319014,10.4152577102859,0.18373016135394077,0.014529492739862504,0.45,1.4999999133337771,0.011,1.19,1.193401885087038,1.0254025037991936,1.0884794343009763,1.4283005636223751,-7.42558430014336
14,415,290,7.5,33,,,,,,,,,,,,,,,,,,,,,,,
13,435,275,17.5,10,0.006666666666666667,0.1375,0.0175,0.01,0.01629465842,0.01629537365,173202.380309791,-32871.4965566403,173190.956830612,-14804.3271434978,32.871496556640295,14.8043271434978,0.18979289177950673,0.01629501603107584,0.455,1.4499995564417707,0.024,1.059999997815177,-1.539277698995982e-55,1.48043271434978,1.1118449618858692,1.4263388710765823,-6.528616101569179
11,450,220,22.5,2,0.0115,0.11,0.0225,0.002,0.01306679172,0.01306648874,96103.0686941899,-20100.578229704,96088.2457726796,-8902.48083039962,20.100578229704,8.90248083039962,0.20917259809836128,0.013066640229121839,0.454,1.459999679984728,0.028999999999999998,0.9752103523771268,5.0774560295844364e-8,0.000015241875862489866,1.1396273454995929,1.4299259553009758,-5.004778625812846
14,465,260,14.5,8,0.007884615384615386,0.13,0.0145,0.008,0.0179323488,0.0179320604,187456.547128831,-40270.1321451707,187433.075563055,-18774.9128672546,40.2701321451707,18.7749128672546,0.21483727362171212,0.017932204599420215,0.48100000000000004,1.1878901840321967,0.021,1.089999999999898,-4.499687911080394e-195,1.8774912867254598,1.1425871432570869,1.424519772667311,-6.722488386681952
13,460,250,4.5,11,0.00875,0.125,0.0045,0.011,0.01632004763,0.01631993385,154286.558396123,-32272.868421143,154318.280810377,-14533.1532486633,32.272868421143,14.5331532486633,0.20915335400850224,0.01631999073990084,0.48200000000000004,1.1770823046751706,0.011,1.19,-6.465555468711391e-48,1.45331532486633,1.1396152770074839,1.42631112140011,-6.386324027949094
11,440,270,18.5,10,0.0085,0.135,0.0185,0.01,0.01380796077,0.01380795739,120978.043333752,-23709.811642006,121015.209310474,-10742.4619046377,23.709811642006,10.742461904637699,0.1959543223834678,0.013807959079999897,0.46,1.3999977325681632,0.024999999999999998,1.049999939333644,1.197013167156487,1.0736059047536723,1.1256718379621327,1.4291022676888891,-7.275390849462988
15,390,215,17.5,30,0.00625,0.1075,0.0175,0.03,0.01602894978,0.01602876663,186020.102248375,-33020.3542691366,186020.623271701,-12333.6407497898,33.020354269136604,12.333640749789799,0.17750935316562347,0.01602885820473841,0.45,1.4999999133337771,0.024,1.059999997815177,-1.6019362292268993e-57,1.2333640748885695,1.049375080797661,1.4266346019947351,-6.269373668829919
14,390,245,3,39,0.0055769230769230765,0.1225,0.003,0.039,0.01568967943,0.01568959761,186711.857922763,-31975.1441582479,186715.015949144,-12195.9012298376,31.975144158247897,12.1959012298376,0.1712525069653098,0.015689638519946664,0.468,1.319969232703649,0.0095,1.205,-2.460586991310011e-44,1.2195901226293255,0.9939651748559823,1.4270115127556149,-6.165536042944572
15,470,290,22.5,36,0.0064285714285714285,0.145,0.0225,0.036,0.02011397405,0.02011404538,260331.903108778,-60901.9347137804,260333.788871092,-29649.1616795701,60.9019347137804,29.649161679570103,0.23393872748786543,0.020114009714968382,0.5419999999999999,4.822862560452094e-7,0.028999999999999998,0.9752103523771268,0,2.96491616795701,1.1474328535183453,1.4220955447611463,-6.509655400899884
12,480,280,6.5,27,0.009090909090909092,0.14,0.0065,0.027,0.01612263991,0.01612242066,154752.969436117,-35884.0343594756,154736.262338158,-17290.464901078,35.8840343594756,17.290464901078,0.2318919737920518,0.016122530284627304,0.534,0.000007898317905517113,0.013,1.17,-2.668725521164905e-102,1.7290464901078,1.1471428435308406,1.4265305219059696,-5.472727753862515
11,435,260,2.5,13,0.00875,0.13,0.0025,0.013,0.01352060919,0.01352035591,114206.184465867,-21349.4116763745,114214.127108589,-9235.97469654731,21.3494116763745,9.23597469654731,0.18693093921572884,0.013520482549406911,0.461,1.3899968581492255,0.009,1.21,0.09560293630863814,0.0004437662638191982,1.1023488942928739,1.4294216860562146,-5.2278141410707715
13,435,250,9,11,0.007708333333333333,0.125,0.009,0.011,0.01573659453,0.01573653208,154958.560341003,-29785.6890998414,154973.110446149,-12838.752905816,29.7856890998414,12.838752905816,0.19220810223760537,0.01573656330496902,0.457,1.4299991479831085,0.0155,1.145,4.789723073185142e-23,1.2838752905809974,1.1181689844340532,1.42695937410559,-6.404002797103749
12,395,295,7.5,21,,,,,,,,,,,,,,,,,,,,,,,
11,485,245,4.5,33,0.012,0.1225,0.0045,0.033,0.01423054534,0.01423025129,114522.029653082,-28035.8137678614,114526.573206713,-13256.8493895177,28.0358137678614,13.2568493895177,0.24480231202753583,0.014230398314240486,0.5509999999999999,2.0285693982232682e-8,0.011,1.19,7.321781053083979e-9,1.3256849389517606,1.148448889244267,1.428632890761955,-5.092766746565458
15,485,235,16.5,1,0.008928571428571428,0.1175,0.0165,0.001,0.01909554541,0.01909563699,192053.974363938,-44375.8686405201,192045.43461403,-21056.9342590765,44.3758686405201,21.056934259076503,0.23106449848264837,0.0190955911999451,0.487,1.1153622878903138,0.023,1.0699999999213234,0,2.10569342590765,1.1470145132287164,1.42322712088895,-6.861297347836953
12,415,240,19,15,0.007954545454545454,0.12,0.019,0.015,0.01389733578,0.01389723885,129061.348822,-23934.4763152782,129078.45501716,-9901.26180757037,23.9344763152782,9.90126180757037,0.18543809216453364,0.013897287314915492,0.44499999999999995,1.5499999830852267,0.0255,1.0449996803321728,1.1997960470508495,0.26874946077917017,1.0963525854911753,1.4290030140945382,-6.588900770833133
11,450,265,15,9,0.00925,0.1325,0.015,0.009,0.01391188335,0.01391222844,117501.597371433,-23840.3826090807,117525.409287311,-10910.0978472131,23.840382609080702,10.910097847213098,0.20287355968461732,0.01391205589393,0.468,1.319969232703649,0.0215,1.0849999999994624,1.1990584581513644,1.0908880889550754,1.1346657562933802,1.4289866045622999,-7.258568140665231
15,390,235,19,1,0.005535714285714285,0.1175,0.019,0.001,0.01654590824,0.01654594078,187464.580727714,-29489.1105701079,187490.295620293,-11519.694853033,29.4891105701079,11.519694853032998,0.15729418391181355,0.016545924509992004,0.392,2.0799999999999996,0.0255,1.0449996803321728,6.48856470069831e-20,1.1519691959089966,0.8368017362975109,1.4260600838777866,-6.539830696416466
12,445,260,10,0,0.008409090909090908,0.13,0.01,0,0.01495615125,0.01495585598,130672.281269721,-25005.6805865856,130678.805933824,-11221.2304104895,25.0056805865856,11.221230410489499,0.19135700457142701,0.014956003614271327,0.445,1.549999983085226,0.0165,1.135,1.1645761188888966,1.1221174653150634,1.1160939554739748,1.4278266626508096,-7.51561418541397
12,480,265,10,10,0.009772727272727273,0.1325,0.01,0.01,0.01581410939,0.01581415036,140231.512229467,-31515.1462816635,140263.985984824,-15090.9408022827,31.5151462816635,15.090940802282699,0.22471053327772833,0.015814129874986732,0.5,0.5,0.0165,1.135,-4.3782209259410767e-39,1.50909408022827,1.1457765724988014,1.4268731890277926,-5.716743841754864
14,475,230,2,2,0.009423076923076923,0.115,0.002,0.002,0.01746070372,0.01746056347,158507.726819057,-33980.3460290671,158496.731737434,-15455.1045809843,33.9803460290671,15.4551045809843,0.2143840260432862,0.017460633594859182,0.479,1.2088976280547754,0.0085,1.2149999999999999,-3.931137527129843e-71,1.54551045809843,1.1423883181349517,1.4250437404501564,-6.5368401447383135
12,440,200,17,39,0.010909090909090908,0.1,0.017,0.039,0.01361494252,0.01361501306,114259.213346545,-25637.9734290587,114254.42801145,-10829.404734115,25.6379734290587,10.829404734115,0.22438899736856543,0.013614977789954316,0.518,0.002027550988440504,0.0235,1.0649999995853936,1.101569808680507,1.0826698053379136,1.1457002339801026,1.4293166913444952,-5.826284089916853
15,470,295,21,30,0.00625,0.1475,0.021,0.03,0.02024351139,0.02024352855,262705.697907451,-59945.0619951445,262678.831187579,-29255.7836974457,59.9450619951445,29.2557836974457,0.2281950029125449,0.02024351996999818,0.53,0.00003177850809170379,0.0275,1.0247536804943604,0,2.92557836974457,1.146514658535048,1.4219516444777798,-6.51883013175985
14,390,210,2,33,0.006923076923076923,0.105,0.002,0.033,0.01484686728,0.01484675512,155750.407296227,-26922.909162716,155744.674838399,-9749.11940149449,26.922909162716003,9.74911940149449,0.17286249903386355,0.014846811199894085,0.456,1.4399993852339081,0.0085,1.2149999999999999,0.007141264977219646,0.07335544422692375,1.0095377813252062,1.4279479875556733,-5.172981863318931
12,400,275,4.5,14,0.005681818181818182,0.1375,0.0045,0.014,0.01429360236,0.01429341552,148601.639671396,-23319.1249355803,148589.060964461,-9574.0792779022,23.3191249355803,9.5740792779022,0.15693038110933508,0.01429350893969471,0.42800000000000005,1.7199999999350672,0.011,1.19,1.1837829057149682,0.013342944996836454,0.8323882944563622,1.4285627678447836,-6.368076912948018
12,450,290,20.5,5,0.007272727272727273,0.145,0.0205,0.005,0.01568090828,0.01568062653,153527.230268423,-30139.138114732,153541.356673063,-14296.4017184467,30.139138114732,14.296401718446699,0.1963023209037534,0.01568076740436719,0.46,1.3999977325681632,0.027,1.0299532401952365,-9.163562688387167e-26,1.4296401718446698,1.126254357872917,1.4270213695507032,-6.412866872031689
15,390,295,19.5,37,,,,,,,,,,,,,,,,,,,,,,,
12,445,270,17,2,0.007954545454545454,0.135,0.017,0.002,,,,,,,,,,,,,,,,,,,
11,390,295,13.500000000000002,37,,,,,,,,,,,,,,,,,,,,,,,
15,395,275,4,39,,,,,,,,,,,,,,,,,,,,,,,